tool,group,dataset,dataset_id,scenario,status,zone_files,updated_zone_file,rr_count,initial_total_ms,incremental_ms,full_update_ms,properties,initial_property_pass,incremental_property_pass,initial_errors,incremental_errors,detail
Aether,files-100-500,virginia.edu,files-100-500/virginia.edu,A_ADD,ok,,abcrc.virginia.edu..txt,,208.084,0.878,,hops|rewrites|lame_delegation|rewrite_blackholing|rewrite_loop|delegation_consistency,false,true,lame_delegation|rewrites,,num_lec=1479; stderr=/home/rulan_yang/DNS-verification/experiments/results/incremental_property_no_wildcard_dname_files_100_500/aether_cases/files-100-500__virginia.edu/A_ADD/stderr.log
Aether,files-100-500,virginia.edu,files-100-500/virginia.edu,A_UPDATE,ok,,abcrc.virginia.edu..txt,,199.08800000000002,0.547,,hops|rewrites|lame_delegation|rewrite_blackholing|rewrite_loop|delegation_consistency,false,true,lame_delegation|rewrites,,num_lec=1478; stderr=/home/rulan_yang/DNS-verification/experiments/results/incremental_property_no_wildcard_dname_files_100_500/aether_cases/files-100-500__virginia.edu/A_UPDATE/stderr.log
Aether,files-100-500,virginia.edu,files-100-500/virginia.edu,NS_UPDATE,ok,,abcrc.virginia.edu..txt,,223.59500000000003,0.765,,hops|rewrites|lame_delegation|rewrite_blackholing|rewrite_loop|delegation_consistency,false,true,lame_delegation|rewrites,,num_lec=1478; stderr=/home/rulan_yang/DNS-verification/experiments/results/incremental_property_no_wildcard_dname_files_100_500/aether_cases/files-100-500__virginia.edu/NS_UPDATE/stderr.log
Aether,files-100-500,virginia.edu,files-100-500/virginia.edu,CNAME_UPDATE,ok,,abcrc.virginia.edu..txt,,189.3,1.3159999999999998,,hops|rewrites|lame_delegation|rewrite_blackholing|rewrite_loop|delegation_consistency,false,true,lame_delegation|rewrites,,num_lec=1478; stderr=/home/rulan_yang/DNS-verification/experiments/results/incremental_property_no_wildcard_dname_files_100_500/aether_cases/files-100-500__virginia.edu/CNAME_UPDATE/stderr.log
Aether,files-100-500,vivilotz.com,files-100-500/vivilotz.com,A_ADD,ok,,10-greatest-guitar-players.aoo.vivilotz.com..txt,,201.231,0.931,,hops|rewrites|lame_delegation|rewrite_blackholing|rewrite_loop|delegation_consistency,false,true,lame_delegation,,num_lec=2470; stderr=/home/rulan_yang/DNS-verification/experiments/results/incremental_property_no_wildcard_dname_files_100_500/aether_cases/files-100-500__vivilotz.com/A_ADD/stderr.log
Aether,files-100-500,vivilotz.com,files-100-500/vivilotz.com,A_UPDATE,ok,,10-greatest-guitar-players.aoo.vivilotz.com..txt,,187.499,0.687,,hops|rewrites|lame_delegation|rewrite_blackholing|rewrite_loop|delegation_consistency,false,true,lame_delegation,,num_lec=2469; stderr=/home/rulan_yang/DNS-verification/experiments/results/incremental_property_no_wildcard_dname_files_100_500/aether_cases/files-100-500__vivilotz.com/A_UPDATE/stderr.log
Aether,files-100-500,vivilotz.com,files-100-500/vivilotz.com,NS_UPDATE,ok,,10-greatest-guitar-players.aoo.vivilotz.com..txt,,215.269,1.0869999999999997,,hops|rewrites|lame_delegation|rewrite_blackholing|rewrite_loop|delegation_consistency,false,true,lame_delegation,,num_lec=2469; stderr=/home/rulan_yang/DNS-verification/experiments/results/incremental_property_no_wildcard_dname_files_100_500/aether_cases/files-100-500__vivilotz.com/NS_UPDATE/stderr.log
Aether,files-100-500,vivilotz.com,files-100-500/vivilotz.com,CNAME_UPDATE,skipped,,,,,,,hops|rewrites|lame_delegation|rewrite_blackholing|rewrite_loop|delegation_consistency,,,,,no CNAME record
Aether,files-100-500,vn.ua,files-100-500/vn.ua,A_ADD,ok,,09.vn.ua..txt,,158.788,0.155,,hops|rewrites|lame_delegation|rewrite_blackholing|rewrite_loop|delegation_consistency,true,true,,,num_lec=1783; stderr=/home/rulan_yang/DNS-verification/experiments/results/incremental_property_no_wildcard_dname_files_100_500/aether_cases/files-100-500__vn.ua/A_ADD/stderr.log
Aether,files-100-500,vn.ua,files-100-500/vn.ua,A_UPDATE,ok,,09.vn.ua..txt,,150.56300000000002,0.009000000000000001,,hops|rewrites|lame_delegation|rewrite_blackholing|rewrite_loop|delegation_consistency,true,true,,,num_lec=1782; stderr=/home/rulan_yang/DNS-verification/experiments/results/incremental_property_no_wildcard_dname_files_100_500/aether_cases/files-100-500__vn.ua/A_UPDATE/stderr.log
Aether,files-100-500,vn.ua,files-100-500/vn.ua,NS_UPDATE,ok,,09.vn.ua..txt,,166.143,0.005,,hops|rewrites|lame_delegation|rewrite_blackholing|rewrite_loop|delegation_consistency,true,true,,,num_lec=1782; stderr=/home/rulan_yang/DNS-verification/experiments/results/incremental_property_no_wildcard_dname_files_100_500/aether_cases/files-100-500__vn.ua/NS_UPDATE/stderr.log
Aether,files-100-500,vn.ua,files-100-500/vn.ua,CNAME_UPDATE,ok,,4x4.vn.ua..txt,,158.08,0.056,,hops|rewrites|lame_delegation|rewrite_blackholing|rewrite_loop|delegation_consistency,true,true,,,num_lec=1782; stderr=/home/rulan_yang/DNS-verification/experiments/results/incremental_property_no_wildcard_dname_files_100_500/aether_cases/files-100-500__vn.ua/CNAME_UPDATE/stderr.log
Aether,files-100-500,voxcdn.com,files-100-500/voxcdn.com,A_ADD,error,,,,,,,hops|rewrites|lame_delegation|rewrite_blackholing|rewrite_loop|delegation_consistency,,,,,exit=101; stderr=/home/rulan_yang/DNS-verification/experiments/results/incremental_property_no_wildcard_dname_files_100_500/aether_cases/files-100-500__voxcdn.com/A_ADD/stderr.log
Aether,files-100-500,voxcdn.com,files-100-500/voxcdn.com,A_UPDATE,error,,,,,,,hops|rewrites|lame_delegation|rewrite_blackholing|rewrite_loop|delegation_consistency,,,,,exit=101; stderr=/home/rulan_yang/DNS-verification/experiments/results/incremental_property_no_wildcard_dname_files_100_500/aether_cases/files-100-500__voxcdn.com/A_UPDATE/stderr.log
Aether,files-100-500,voxcdn.com,files-100-500/voxcdn.com,NS_UPDATE,ok,,voxcdn.com..txt,,19.206,0.754,,hops|rewrites|lame_delegation|rewrite_blackholing|rewrite_loop|delegation_consistency,false,false,lame_delegation|rewrites,lame_delegation|rewrites,num_lec=83; stderr=/home/rulan_yang/DNS-verification/experiments/results/incremental_property_no_wildcard_dname_files_100_500/aether_cases/files-100-500__voxcdn.com/NS_UPDATE/stderr.log
Aether,files-100-500,voxcdn.com,files-100-500/voxcdn.com,CNAME_UPDATE,error,,,,,,,hops|rewrites|lame_delegation|rewrite_blackholing|rewrite_loop|delegation_consistency,,,,,exit=101; stderr=/home/rulan_yang/DNS-verification/experiments/results/incremental_property_no_wildcard_dname_files_100_500/aether_cases/files-100-500__voxcdn.com/CNAME_UPDATE/stderr.log
Aether,files-100-500,vrn.ru,files-100-500/vrn.ru,A_ADD,ok,,1c.vrn.ru..txt,,212.796,1.151,,hops|rewrites|lame_delegation|rewrite_blackholing|rewrite_loop|delegation_consistency,false,true,lame_delegation|rewrite_loop|rewrites,,num_lec=2481; stderr=/home/rulan_yang/DNS-verification/experiments/results/incremental_property_no_wildcard_dname_files_100_500/aether_cases/files-100-500__vrn.ru/A_ADD/stderr.log
Aether,files-100-500,vrn.ru,files-100-500/vrn.ru,A_UPDATE,ok,,1c.vrn.ru..txt,,227.65399999999997,0.766,,hops|rewrites|lame_delegation|rewrite_blackholing|rewrite_loop|delegation_consistency,false,true,lame_delegation|rewrite_loop|rewrites,,num_lec=2480; stderr=/home/rulan_yang/DNS-verification/experiments/results/incremental_property_no_wildcard_dname_files_100_500/aether_cases/files-100-500__vrn.ru/A_UPDATE/stderr.log
Aether,files-100-500,vrn.ru,files-100-500/vrn.ru,NS_UPDATE,ok,,1c.vrn.ru..txt,,262.579,0.775,,hops|rewrites|lame_delegation|rewrite_blackholing|rewrite_loop|delegation_consistency,false,true,lame_delegation|rewrite_loop|rewrites,,num_lec=2480; stderr=/home/rulan_yang/DNS-verification/experiments/results/incremental_property_no_wildcard_dname_files_100_500/aether_cases/files-100-500__vrn.ru/NS_UPDATE/stderr.log
Aether,files-100-500,vrn.ru,files-100-500/vrn.ru,CNAME_UPDATE,ok,,advecs.vrn.ru..txt,,264.58000000000004,0.852,,hops|rewrites|lame_delegation|rewrite_blackholing|rewrite_loop|delegation_consistency,false,true,lame_delegation|rewrite_loop|rewrites,,num_lec=2480; stderr=/home/rulan_yang/DNS-verification/experiments/results/incremental_property_no_wildcard_dname_files_100_500/aether_cases/files-100-500__vrn.ru/CNAME_UPDATE/stderr.log
Aether,files-100-500,w3wb.com,files-100-500/w3wb.com,A_ADD,ok,,aboutchristmas.w3wb.com..txt,,71.174,1.301,,hops|rewrites|lame_delegation|rewrite_blackholing|rewrite_loop|delegation_consistency,false,true,rewrites,,num_lec=886; stderr=/home/rulan_yang/DNS-verification/experiments/results/incremental_property_no_wildcard_dname_files_100_500/aether_cases/files-100-500__w3wb.com/A_ADD/stderr.log
Aether,files-100-500,w3wb.com,files-100-500/w3wb.com,A_UPDATE,ok,,aboutchristmas.w3wb.com..txt,,67.895,0.369,,hops|rewrites|lame_delegation|rewrite_blackholing|rewrite_loop|delegation_consistency,false,true,rewrites,,num_lec=885; stderr=/home/rulan_yang/DNS-verification/experiments/results/incremental_property_no_wildcard_dname_files_100_500/aether_cases/files-100-500__w3wb.com/A_UPDATE/stderr.log
Aether,files-100-500,w3wb.com,files-100-500/w3wb.com,NS_UPDATE,ok,,w3wb.com..txt,,75.678,3.74,,hops|rewrites|lame_delegation|rewrite_blackholing|rewrite_loop|delegation_consistency,false,false,rewrites,rewrites,num_lec=885; stderr=/home/rulan_yang/DNS-verification/experiments/results/incremental_property_no_wildcard_dname_files_100_500/aether_cases/files-100-500__w3wb.com/NS_UPDATE/stderr.log
Aether,files-100-500,w3wb.com,files-100-500/w3wb.com,CNAME_UPDATE,ok,,w3wb.com..txt,,69.18900000000001,7.502,,hops|rewrites|lame_delegation|rewrite_blackholing|rewrite_loop|delegation_consistency,false,false,rewrites,rewrites,num_lec=885; stderr=/home/rulan_yang/DNS-verification/experiments/results/incremental_property_no_wildcard_dname_files_100_500/aether_cases/files-100-500__w3wb.com/CNAME_UPDATE/stderr.log
Aether,files-100-500,wa.gov,files-100-500/wa.gov,A_ADD,ok,,agencymeddirectors.wa.gov..txt,,124.132,0.559,,hops|rewrites|lame_delegation|rewrite_blackholing|rewrite_loop|delegation_consistency,false,true,lame_delegation|rewrites,,num_lec=1304; stderr=/home/rulan_yang/DNS-verification/experiments/results/incremental_property_no_wildcard_dname_files_100_500/aether_cases/files-100-500__wa.gov/A_ADD/stderr.log
Aether,files-100-500,wa.gov,files-100-500/wa.gov,A_UPDATE,ok,,agencymeddirectors.wa.gov..txt,,125.715,0.718,,hops|rewrites|lame_delegation|rewrite_blackholing|rewrite_loop|delegation_consistency,false,true,lame_delegation|rewrites,,num_lec=1303; stderr=/home/rulan_yang/DNS-verification/experiments/results/incremental_property_no_wildcard_dname_files_100_500/aether_cases/files-100-500__wa.gov/A_UPDATE/stderr.log
Aether,files-100-500,wa.gov,files-100-500/wa.gov,NS_UPDATE,ok,,agencymeddirectors.wa.gov..txt,,138.441,0.914,,hops|rewrites|lame_delegation|rewrite_blackholing|rewrite_loop|delegation_consistency,false,true,lame_delegation|rewrites,,num_lec=1303; stderr=/home/rulan_yang/DNS-verification/experiments/results/incremental_property_no_wildcard_dname_files_100_500/aether_cases/files-100-500__wa.gov/NS_UPDATE/stderr.log
Aether,files-100-500,wa.gov,files-100-500/wa.gov,CNAME_UPDATE,ok,,agencymeddirectors.wa.gov..txt,,135.172,0.473,,hops|rewrites|lame_delegation|rewrite_blackholing|rewrite_loop|delegation_consistency,false,true,lame_delegation|rewrites,,num_lec=1303; stderr=/home/rulan_yang/DNS-verification/experiments/results/incremental_property_no_wildcard_dname_files_100_500/aether_cases/files-100-500__wa.gov/CNAME_UPDATE/stderr.log
Aether,files-100-500,warriorhall.com,files-100-500/warriorhall.com,A_ADD,ok,,alimonyillinois.warriorhall.com..txt,,52.36600000000001,0.614,,hops|rewrites|lame_delegation|rewrite_blackholing|rewrite_loop|delegation_consistency,false,true,lame_delegation,,num_lec=1055; stderr=/home/rulan_yang/DNS-verification/experiments/results/incremental_property_no_wildcard_dname_files_100_500/aether_cases/files-100-500__warriorhall.com/A_ADD/stderr.log
Aether,files-100-500,warriorhall.com,files-100-500/warriorhall.com,A_UPDATE,ok,,alimonyillinois.warriorhall.com..txt,,50.923,0.821,,hops|rewrites|lame_delegation|rewrite_blackholing|rewrite_loop|delegation_consistency,false,true,lame_delegation,,num_lec=1054; stderr=/home/rulan_yang/DNS-verification/experiments/results/incremental_property_no_wildcard_dname_files_100_500/aether_cases/files-100-500__warriorhall.com/A_UPDATE/stderr.log
Aether,files-100-500,warriorhall.com,files-100-500/warriorhall.com,NS_UPDATE,ok,,alimonyillinois.warriorhall.com..txt,,51.369,0.455,,hops|rewrites|lame_delegation|rewrite_blackholing|rewrite_loop|delegation_consistency,false,true,lame_delegation,,num_lec=1054; stderr=/home/rulan_yang/DNS-verification/experiments/results/incremental_property_no_wildcard_dname_files_100_500/aether_cases/files-100-500__warriorhall.com/NS_UPDATE/stderr.log
Aether,files-100-500,warriorhall.com,files-100-500/warriorhall.com,CNAME_UPDATE,skipped,,,,,,,hops|rewrites|lame_delegation|rewrite_blackholing|rewrite_loop|delegation_consistency,,,,,no CNAME record
Aether,files-100-500,warszawa.pl,files-100-500/warszawa.pl,A_ADD,ok,,12lo.warszawa.pl..txt,,457.191,0.962,,hops|rewrites|lame_delegation|rewrite_blackholing|rewrite_loop|delegation_consistency,false,true,lame_delegation|rewrites,,num_lec=3560; stderr=/home/rulan_yang/DNS-verification/experiments/results/incremental_property_no_wildcard_dname_files_100_500/aether_cases/files-100-500__warszawa.pl/A_ADD/stderr.log
Aether,files-100-500,warszawa.pl,files-100-500/warszawa.pl,A_UPDATE,ok,,12lo.warszawa.pl..txt,,469.689,0.702,,hops|rewrites|lame_delegation|rewrite_blackholing|rewrite_loop|delegation_consistency,false,true,lame_delegation|rewrites,,num_lec=3559; stderr=/home/rulan_yang/DNS-verification/experiments/results/incremental_property_no_wildcard_dname_files_100_500/aether_cases/files-100-500__warszawa.pl/A_UPDATE/stderr.log
Aether,files-100-500,warszawa.pl,files-100-500/warszawa.pl,NS_UPDATE,ok,,12lo.warszawa.pl..txt,,452.533,0.667,,hops|rewrites|lame_delegation|rewrite_blackholing|rewrite_loop|delegation_consistency,false,true,lame_delegation|rewrites,,num_lec=3559; stderr=/home/rulan_yang/DNS-verification/experiments/results/incremental_property_no_wildcard_dname_files_100_500/aether_cases/files-100-500__warszawa.pl/NS_UPDATE/stderr.log
Aether,files-100-500,warszawa.pl,files-100-500/warszawa.pl,CNAME_UPDATE,ok,,12lo.warszawa.pl..txt,,532.641,0.757,,hops|rewrites|lame_delegation|rewrite_blackholing|rewrite_loop|delegation_consistency,false,true,lame_delegation|rewrites,,num_lec=3559; stderr=/home/rulan_yang/DNS-verification/experiments/results/incremental_property_no_wildcard_dname_files_100_500/aether_cases/files-100-500__warszawa.pl/CNAME_UPDATE/stderr.log
Aether,files-100-500,washington.edu,files-100-500/washington.edu,A_ADD,ok,,aa.washington.edu..txt,,632.375,1.083,,hops|rewrites|lame_delegation|rewrite_blackholing|rewrite_loop|delegation_consistency,false,true,lame_delegation|rewrites,,num_lec=4103; stderr=/home/rulan_yang/DNS-verification/experiments/results/incremental_property_no_wildcard_dname_files_100_500/aether_cases/files-100-500__washington.edu/A_ADD/stderr.log
Aether,files-100-500,washington.edu,files-100-500/washington.edu,A_UPDATE,ok,,aa.washington.edu..txt,,628.077,0.824,,hops|rewrites|lame_delegation|rewrite_blackholing|rewrite_loop|delegation_consistency,false,true,lame_delegation|rewrites,,num_lec=4102; stderr=/home/rulan_yang/DNS-verification/experiments/results/incremental_property_no_wildcard_dname_files_100_500/aether_cases/files-100-500__washington.edu/A_UPDATE/stderr.log
Aether,files-100-500,washington.edu,files-100-500/washington.edu,NS_UPDATE,ok,,aa.washington.edu..txt,,646.611,1.0719999999999998,,hops|rewrites|lame_delegation|rewrite_blackholing|rewrite_loop|delegation_consistency,false,true,lame_delegation|rewrites,,num_lec=4102; stderr=/home/rulan_yang/DNS-verification/experiments/results/incremental_property_no_wildcard_dname_files_100_500/aether_cases/files-100-500__washington.edu/NS_UPDATE/stderr.log
Aether,files-100-500,washington.edu,files-100-500/washington.edu,CNAME_UPDATE,ok,,aa.washington.edu..txt,,563.316,1.63,,hops|rewrites|lame_delegation|rewrite_blackholing|rewrite_loop|delegation_consistency,false,true,lame_delegation|rewrites,,num_lec=4102; stderr=/home/rulan_yang/DNS-verification/experiments/results/incremental_property_no_wildcard_dname_files_100_500/aether_cases/files-100-500__washington.edu/CNAME_UPDATE/stderr.log
Aether,files-100-500,wayport.net,files-100-500/wayport.net,A_ADD,ok,,anchoak.wayport.net..txt,,42.865,0.088,,hops|rewrites|lame_delegation|rewrite_blackholing|rewrite_loop|delegation_consistency,true,true,,,num_lec=464; stderr=/home/rulan_yang/DNS-verification/experiments/results/incremental_property_no_wildcard_dname_files_100_500/aether_cases/files-100-500__wayport.net/A_ADD/stderr.log
Aether,files-100-500,wayport.net,files-100-500/wayport.net,A_UPDATE,ok,,attrtl128654.wichdal.wayport.net..txt,,41.204,0.006,,hops|rewrites|lame_delegation|rewrite_blackholing|rewrite_loop|delegation_consistency,true,true,,,num_lec=463; stderr=/home/rulan_yang/DNS-verification/experiments/results/incremental_property_no_wildcard_dname_files_100_500/aether_cases/files-100-500__wayport.net/A_UPDATE/stderr.log
Aether,files-100-500,wayport.net,files-100-500/wayport.net,NS_UPDATE,ok,,anchoak.wayport.net..txt,,52.73199999999999,0.007,,hops|rewrites|lame_delegation|rewrite_blackholing|rewrite_loop|delegation_consistency,true,true,,,num_lec=463; stderr=/home/rulan_yang/DNS-verification/experiments/results/incremental_property_no_wildcard_dname_files_100_500/aether_cases/files-100-500__wayport.net/NS_UPDATE/stderr.log
Aether,files-100-500,wayport.net,files-100-500/wayport.net,CNAME_UPDATE,ok,,corp.aus.wayport.net..txt,,48.088,0.010000000000000002,,hops|rewrites|lame_delegation|rewrite_blackholing|rewrite_loop|delegation_consistency,true,true,,,num_lec=463; stderr=/home/rulan_yang/DNS-verification/experiments/results/incremental_property_no_wildcard_dname_files_100_500/aether_cases/files-100-500__wayport.net/CNAME_UPDATE/stderr.log
Aether,files-100-500,wblogin.com,files-100-500/wblogin.com,A_ADD,ok,,42ndstreet.wblogin.com..txt,,29.401,0.231,,hops|rewrites|lame_delegation|rewrite_blackholing|rewrite_loop|delegation_consistency,true,true,,,num_lec=399; stderr=/home/rulan_yang/DNS-verification/experiments/results/incremental_property_no_wildcard_dname_files_100_500/aether_cases/files-100-500__wblogin.com/A_ADD/stderr.log
Aether,files-100-500,wblogin.com,files-100-500/wblogin.com,A_UPDATE,ok,,42ndstreet.wblogin.com..txt,,25.563000000000002,0.29,,hops|rewrites|lame_delegation|rewrite_blackholing|rewrite_loop|delegation_consistency,true,true,,,num_lec=398; stderr=/home/rulan_yang/DNS-verification/experiments/results/incremental_property_no_wildcard_dname_files_100_500/aether_cases/files-100-500__wblogin.com/A_UPDATE/stderr.log
Aether,files-100-500,wblogin.com,files-100-500/wblogin.com,NS_UPDATE,ok,,wblogin.com..txt,,27.441999999999997,0.24500000000000002,,hops|rewrites|lame_delegation|rewrite_blackholing|rewrite_loop|delegation_consistency,true,true,,,num_lec=398; stderr=/home/rulan_yang/DNS-verification/experiments/results/incremental_property_no_wildcard_dname_files_100_500/aether_cases/files-100-500__wblogin.com/NS_UPDATE/stderr.log
Aether,files-100-500,wblogin.com,files-100-500/wblogin.com,CNAME_UPDATE,skipped,,,,,,,hops|rewrites|lame_delegation|rewrite_blackholing|rewrite_loop|delegation_consistency,,,,,no CNAME record
Aether,files-100-500,wcpss.net,files-100-500/wcpss.net,A_ADD,ok,,aldertrootes.wcpss.net..txt,,22.497,0.093,,hops|rewrites|lame_delegation|rewrite_blackholing|rewrite_loop|delegation_consistency,true,true,,,num_lec=246; stderr=/home/rulan_yang/DNS-verification/experiments/results/incremental_property_no_wildcard_dname_files_100_500/aether_cases/files-100-500__wcpss.net/A_ADD/stderr.log
Aether,files-100-500,wcpss.net,files-100-500/wcpss.net,A_UPDATE,ok,,aldertrootes.wcpss.net..txt,,23.318,0.007,,hops|rewrites|lame_delegation|rewrite_blackholing|rewrite_loop|delegation_consistency,true,true,,,num_lec=245; stderr=/home/rulan_yang/DNS-verification/experiments/results/incremental_property_no_wildcard_dname_files_100_500/aether_cases/files-100-500__wcpss.net/A_UPDATE/stderr.log
Aether,files-100-500,wcpss.net,files-100-500/wcpss.net,NS_UPDATE,ok,,aldertrootes.wcpss.net..txt,,22.637,0.007,,hops|rewrites|lame_delegation|rewrite_blackholing|rewrite_loop|delegation_consistency,true,true,,,num_lec=245; stderr=/home/rulan_yang/DNS-verification/experiments/results/incremental_property_no_wildcard_dname_files_100_500/aether_cases/files-100-500__wcpss.net/NS_UPDATE/stderr.log
Aether,files-100-500,wcpss.net,files-100-500/wcpss.net,CNAME_UPDATE,error,,,,,,,hops|rewrites|lame_delegation|rewrite_blackholing|rewrite_loop|delegation_consistency,,,,,exit=101; stderr=/home/rulan_yang/DNS-verification/experiments/results/incremental_property_no_wildcard_dname_files_100_500/aether_cases/files-100-500__wcpss.net/CNAME_UPDATE/stderr.log
Aether,files-100-500,webd.pl,files-100-500/webd.pl,A_ADD,ok,,1lokrasnystaw.webd.pl..txt,,164.407,0.7070000000000001,,hops|rewrites|lame_delegation|rewrite_blackholing|rewrite_loop|delegation_consistency,false,true,lame_delegation|rewrites,,num_lec=2242; stderr=/home/rulan_yang/DNS-verification/experiments/results/incremental_property_no_wildcard_dname_files_100_500/aether_cases/files-100-500__webd.pl/A_ADD/stderr.log
Aether,files-100-500,webd.pl,files-100-500/webd.pl,A_UPDATE,ok,,1lokrasnystaw.webd.pl..txt,,154.793,1.1009999999999998,,hops|rewrites|lame_delegation|rewrite_blackholing|rewrite_loop|delegation_consistency,false,true,lame_delegation|rewrites,,num_lec=2241; stderr=/home/rulan_yang/DNS-verification/experiments/results/incremental_property_no_wildcard_dname_files_100_500/aether_cases/files-100-500__webd.pl/A_UPDATE/stderr.log
Aether,files-100-500,webd.pl,files-100-500/webd.pl,NS_UPDATE,ok,,1lokrasnystaw.webd.pl..txt,,166.58399999999997,0.987,,hops|rewrites|lame_delegation|rewrite_blackholing|rewrite_loop|delegation_consistency,false,true,lame_delegation|rewrites,,num_lec=2241; stderr=/home/rulan_yang/DNS-verification/experiments/results/incremental_property_no_wildcard_dname_files_100_500/aether_cases/files-100-500__webd.pl/NS_UPDATE/stderr.log
Aether,files-100-500,webd.pl,files-100-500/webd.pl,CNAME_UPDATE,ok,,1lokrasnystaw.webd.pl..txt,,155.76100000000002,0.914,,hops|rewrites|lame_delegation|rewrite_blackholing|rewrite_loop|delegation_consistency,false,true,lame_delegation|rewrites,,num_lec=2241; stderr=/home/rulan_yang/DNS-verification/experiments/results/incremental_property_no_wildcard_dname_files_100_500/aether_cases/files-100-500__webd.pl/CNAME_UPDATE/stderr.log
Aether,files-100-500,webng.com,files-100-500/webng.com,A_ADD,ok,,a7lajram.webng.com..txt,,57.674,0.386,,hops|rewrites|lame_delegation|rewrite_blackholing|rewrite_loop|delegation_consistency,true,true,,,num_lec=824; stderr=/home/rulan_yang/DNS-verification/experiments/results/incremental_property_no_wildcard_dname_files_100_500/aether_cases/files-100-500__webng.com/A_ADD/stderr.log
Aether,files-100-500,webng.com,files-100-500/webng.com,A_UPDATE,ok,,a7lajram.webng.com..txt,,51.702,0.452,,hops|rewrites|lame_delegation|rewrite_blackholing|rewrite_loop|delegation_consistency,true,true,,,num_lec=823; stderr=/home/rulan_yang/DNS-verification/experiments/results/incremental_property_no_wildcard_dname_files_100_500/aether_cases/files-100-500__webng.com/A_UPDATE/stderr.log
Aether,files-100-500,webng.com,files-100-500/webng.com,NS_UPDATE,ok,,webng.com..txt,,45.181,0.495,,hops|rewrites|lame_delegation|rewrite_blackholing|rewrite_loop|delegation_consistency,true,true,,,num_lec=823; stderr=/home/rulan_yang/DNS-verification/experiments/results/incremental_property_no_wildcard_dname_files_100_500/aether_cases/files-100-500__webng.com/NS_UPDATE/stderr.log
Aether,files-100-500,webng.com,files-100-500/webng.com,CNAME_UPDATE,skipped,,,,,,,hops|rewrites|lame_delegation|rewrite_blackholing|rewrite_loop|delegation_consistency,,,,,no CNAME record
Aether,files-100-500,webself.net,files-100-500/webself.net,A_ADD,ok,,aspnetdevelopment.webself.net..txt,,80.077,0.235,,hops|rewrites|lame_delegation|rewrite_blackholing|rewrite_loop|delegation_consistency,true,true,,,num_lec=1328; stderr=/home/rulan_yang/DNS-verification/experiments/results/incremental_property_no_wildcard_dname_files_100_500/aether_cases/files-100-500__webself.net/A_ADD/stderr.log
Aether,files-100-500,webself.net,files-100-500/webself.net,A_UPDATE,ok,,aspnetdevelopment.webself.net..txt,,81.547,0.159,,hops|rewrites|lame_delegation|rewrite_blackholing|rewrite_loop|delegation_consistency,true,true,,,num_lec=1327; stderr=/home/rulan_yang/DNS-verification/experiments/results/incremental_property_no_wildcard_dname_files_100_500/aether_cases/files-100-500__webself.net/A_UPDATE/stderr.log
Aether,files-100-500,webself.net,files-100-500/webself.net,NS_UPDATE,ok,,webself.net..txt,,83.66,0.277,,hops|rewrites|lame_delegation|rewrite_blackholing|rewrite_loop|delegation_consistency,true,true,,,num_lec=1327; stderr=/home/rulan_yang/DNS-verification/experiments/results/incremental_property_no_wildcard_dname_files_100_500/aether_cases/files-100-500__webself.net/NS_UPDATE/stderr.log
Aether,files-100-500,webself.net,files-100-500/webself.net,CNAME_UPDATE,skipped,,,,,,,hops|rewrites|lame_delegation|rewrite_blackholing|rewrite_loop|delegation_consistency,,,,,no CNAME record
Aether,files-100-500,website-start.de,files-100-500/website-start.de,A_ADD,ok,,s278642480.website-start.de..txt,,137.38,1.059,,hops|rewrites|lame_delegation|rewrite_blackholing|rewrite_loop|delegation_consistency,false,true,lame_delegation|rewrite_loop,,num_lec=1900; stderr=/home/rulan_yang/DNS-verification/experiments/results/incremental_property_no_wildcard_dname_files_100_500/aether_cases/files-100-500__website-start.de/A_ADD/stderr.log
Aether,files-100-500,website-start.de,files-100-500/website-start.de,A_UPDATE,ok,,s278642480.website-start.de..txt,,119.211,0.922,,hops|rewrites|lame_delegation|rewrite_blackholing|rewrite_loop|delegation_consistency,false,true,lame_delegation|rewrite_loop,,num_lec=1899; stderr=/home/rulan_yang/DNS-verification/experiments/results/incremental_property_no_wildcard_dname_files_100_500/aether_cases/files-100-500__website-start.de/A_UPDATE/stderr.log
Aether,files-100-500,website-start.de,files-100-500/website-start.de,NS_UPDATE,ok,,s278642480.website-start.de..txt,,106.73299999999999,0.513,,hops|rewrites|lame_delegation|rewrite_blackholing|rewrite_loop|delegation_consistency,false,true,lame_delegation|rewrite_loop,,num_lec=1899; stderr=/home/rulan_yang/DNS-verification/experiments/results/incremental_property_no_wildcard_dname_files_100_500/aether_cases/files-100-500__website-start.de/NS_UPDATE/stderr.log
Aether,files-100-500,website-start.de,files-100-500/website-start.de,CNAME_UPDATE,skipped,,,,,,,hops|rewrites|lame_delegation|rewrite_blackholing|rewrite_loop|delegation_consistency,,,,,no CNAME record
Aether,files-100-500,webwealth.us,files-100-500/webwealth.us,A_ADD,ok,,123freedom.webwealth.us..txt,,39.82,0.315,,hops|rewrites|lame_delegation|rewrite_blackholing|rewrite_loop|delegation_consistency,true,true,,,num_lec=607; stderr=/home/rulan_yang/DNS-verification/experiments/results/incremental_property_no_wildcard_dname_files_100_500/aether_cases/files-100-500__webwealth.us/A_ADD/stderr.log
Aether,files-100-500,webwealth.us,files-100-500/webwealth.us,A_UPDATE,ok,,123freedom.webwealth.us..txt,,38.368,0.05,,hops|rewrites|lame_delegation|rewrite_blackholing|rewrite_loop|delegation_consistency,true,true,,,num_lec=606; stderr=/home/rulan_yang/DNS-verification/experiments/results/incremental_property_no_wildcard_dname_files_100_500/aether_cases/files-100-500__webwealth.us/A_UPDATE/stderr.log
Aether,files-100-500,webwealth.us,files-100-500/webwealth.us,NS_UPDATE,ok,,webwealth.us..txt,,39.757000000000005,0.18000000000000002,,hops|rewrites|lame_delegation|rewrite_blackholing|rewrite_loop|delegation_consistency,true,true,,,num_lec=606; stderr=/home/rulan_yang/DNS-verification/experiments/results/incremental_property_no_wildcard_dname_files_100_500/aether_cases/files-100-500__webwealth.us/NS_UPDATE/stderr.log
Aether,files-100-500,webwealth.us,files-100-500/webwealth.us,CNAME_UPDATE,skipped,,,,,,,hops|rewrites|lame_delegation|rewrite_blackholing|rewrite_loop|delegation_consistency,,,,,no CNAME record
Aether,files-100-500,wednet.edu,files-100-500/wednet.edu,A_ADD,ok,,aasd.wednet.edu..txt,,156.211,1.26,,hops|rewrites|lame_delegation|rewrite_blackholing|rewrite_loop|delegation_consistency,false,true,lame_delegation|rewrites,,num_lec=1425; stderr=/home/rulan_yang/DNS-verification/experiments/results/incremental_property_no_wildcard_dname_files_100_500/aether_cases/files-100-500__wednet.edu/A_ADD/stderr.log
Aether,files-100-500,wednet.edu,files-100-500/wednet.edu,A_UPDATE,ok,,aasd.wednet.edu..txt,,147.91599999999997,0.948,,hops|rewrites|lame_delegation|rewrite_blackholing|rewrite_loop|delegation_consistency,false,true,lame_delegation|rewrites,,num_lec=1424; stderr=/home/rulan_yang/DNS-verification/experiments/results/incremental_property_no_wildcard_dname_files_100_500/aether_cases/files-100-500__wednet.edu/A_UPDATE/stderr.log
Aether,files-100-500,wednet.edu,files-100-500/wednet.edu,NS_UPDATE,ok,,aasd.wednet.edu..txt,,148.373,0.521,,hops|rewrites|lame_delegation|rewrite_blackholing|rewrite_loop|delegation_consistency,false,true,lame_delegation|rewrites,,num_lec=1424; stderr=/home/rulan_yang/DNS-verification/experiments/results/incremental_property_no_wildcard_dname_files_100_500/aether_cases/files-100-500__wednet.edu/NS_UPDATE/stderr.log
Aether,files-100-500,wednet.edu,files-100-500/wednet.edu,CNAME_UPDATE,ok,,bham.wednet.edu..txt,,139.38899999999998,0.586,,hops|rewrites|lame_delegation|rewrite_blackholing|rewrite_loop|delegation_consistency,false,true,lame_delegation|rewrites,,num_lec=1424; stderr=/home/rulan_yang/DNS-verification/experiments/results/incremental_property_no_wildcard_dname_files_100_500/aether_cases/files-100-500__wednet.edu/CNAME_UPDATE/stderr.log
Aether,files-100-500,wendellbennett.com,files-100-500/wendellbennett.com,A_ADD,ok,,a-direct-consolidation-loan.wendellbennett.com..txt,,39.388,0.757,,hops|rewrites|lame_delegation|rewrite_blackholing|rewrite_loop|delegation_consistency,false,true,lame_delegation,,num_lec=649; stderr=/home/rulan_yang/DNS-verification/experiments/results/incremental_property_no_wildcard_dname_files_100_500/aether_cases/files-100-500__wendellbennett.com/A_ADD/stderr.log
Aether,files-100-500,wendellbennett.com,files-100-500/wendellbennett.com,A_UPDATE,ok,,a-direct-consolidation-loan.wendellbennett.com..txt,,37.248999999999995,0.424,,hops|rewrites|lame_delegation|rewrite_blackholing|rewrite_loop|delegation_consistency,false,true,lame_delegation,,num_lec=648; stderr=/home/rulan_yang/DNS-verification/experiments/results/incremental_property_no_wildcard_dname_files_100_500/aether_cases/files-100-500__wendellbennett.com/A_UPDATE/stderr.log
Aether,files-100-500,wendellbennett.com,files-100-500/wendellbennett.com,NS_UPDATE,ok,,a-direct-consolidation-loan.wendellbennett.com..txt,,36.934999999999995,0.416,,hops|rewrites|lame_delegation|rewrite_blackholing|rewrite_loop|delegation_consistency,false,true,lame_delegation,,num_lec=648; stderr=/home/rulan_yang/DNS-verification/experiments/results/incremental_property_no_wildcard_dname_files_100_500/aether_cases/files-100-500__wendellbennett.com/NS_UPDATE/stderr.log
Aether,files-100-500,wendellbennett.com,files-100-500/wendellbennett.com,CNAME_UPDATE,skipped,,,,,,,hops|rewrites|lame_delegation|rewrite_blackholing|rewrite_loop|delegation_consistency,,,,,no CNAME record
Aether,files-100-500,wertot.com,files-100-500/wertot.com,A_ADD,ok,,0o8up.wertot.com..txt,,40.275,0.22699999999999998,,hops|rewrites|lame_delegation|rewrite_blackholing|rewrite_loop|delegation_consistency,true,true,,,num_lec=786; stderr=/home/rulan_yang/DNS-verification/experiments/results/incremental_property_no_wildcard_dname_files_100_500/aether_cases/files-100-500__wertot.com/A_ADD/stderr.log
Aether,files-100-500,wertot.com,files-100-500/wertot.com,A_UPDATE,ok,,0o8up.wertot.com..txt,,42.54600000000001,0.098,,hops|rewrites|lame_delegation|rewrite_blackholing|rewrite_loop|delegation_consistency,true,true,,,num_lec=785; stderr=/home/rulan_yang/DNS-verification/experiments/results/incremental_property_no_wildcard_dname_files_100_500/aether_cases/files-100-500__wertot.com/A_UPDATE/stderr.log
Aether,files-100-500,wertot.com,files-100-500/wertot.com,NS_UPDATE,ok,,wertot.com..txt,,40.229,0.25,,hops|rewrites|lame_delegation|rewrite_blackholing|rewrite_loop|delegation_consistency,true,true,,,num_lec=785; stderr=/home/rulan_yang/DNS-verification/experiments/results/incremental_property_no_wildcard_dname_files_100_500/aether_cases/files-100-500__wertot.com/NS_UPDATE/stderr.log
Aether,files-100-500,wertot.com,files-100-500/wertot.com,CNAME_UPDATE,skipped,,,,,,,hops|rewrites|lame_delegation|rewrite_blackholing|rewrite_loop|delegation_consistency,,,,,no CNAME record
Aether,files-100-500,wo.tc,files-100-500/wo.tc,A_ADD,ok,,10wonsoft.wo.tc..txt,,111.103,0.9580000000000001,,hops|rewrites|lame_delegation|rewrite_blackholing|rewrite_loop|delegation_consistency,false,true,lame_delegation,,num_lec=1538; stderr=/home/rulan_yang/DNS-verification/experiments/results/incremental_property_no_wildcard_dname_files_100_500/aether_cases/files-100-500__wo.tc/A_ADD/stderr.log
Aether,files-100-500,wo.tc,files-100-500/wo.tc,A_UPDATE,ok,,10wonsoft.wo.tc..txt,,105.99799999999999,1.001,,hops|rewrites|lame_delegation|rewrite_blackholing|rewrite_loop|delegation_consistency,false,true,lame_delegation,,num_lec=1537; stderr=/home/rulan_yang/DNS-verification/experiments/results/incremental_property_no_wildcard_dname_files_100_500/aether_cases/files-100-500__wo.tc/A_UPDATE/stderr.log
Aether,files-100-500,wo.tc,files-100-500/wo.tc,NS_UPDATE,ok,,10wonsoft.wo.tc..txt,,89.505,0.543,,hops|rewrites|lame_delegation|rewrite_blackholing|rewrite_loop|delegation_consistency,false,true,lame_delegation,,num_lec=1537; stderr=/home/rulan_yang/DNS-verification/experiments/results/incremental_property_no_wildcard_dname_files_100_500/aether_cases/files-100-500__wo.tc/NS_UPDATE/stderr.log
Aether,files-100-500,wo.tc,files-100-500/wo.tc,CNAME_UPDATE,ok,,noel.wo.tc..txt,,126.53899999999999,0.6960000000000001,,hops|rewrites|lame_delegation|rewrite_blackholing|rewrite_loop|delegation_consistency,false,true,lame_delegation,,num_lec=1537; stderr=/home/rulan_yang/DNS-verification/experiments/results/incremental_property_no_wildcard_dname_files_100_500/aether_cases/files-100-500__wo.tc/CNAME_UPDATE/stderr.log
Aether,files-100-500,www.de,files-100-500/www.de,A_ADD,ok,,131840.kq.bpod.www.de..txt,,47.583999999999996,0.586,,hops|rewrites|lame_delegation|rewrite_blackholing|rewrite_loop|delegation_consistency,false,true,lame_delegation,,num_lec=875; stderr=/home/rulan_yang/DNS-verification/experiments/results/incremental_property_no_wildcard_dname_files_100_500/aether_cases/files-100-500__www.de/A_ADD/stderr.log
Aether,files-100-500,www.de,files-100-500/www.de,A_UPDATE,ok,,131840.kq.bpod.www.de..txt,,48.669,0.34400000000000003,,hops|rewrites|lame_delegation|rewrite_blackholing|rewrite_loop|delegation_consistency,false,true,lame_delegation,,num_lec=874; stderr=/home/rulan_yang/DNS-verification/experiments/results/incremental_property_no_wildcard_dname_files_100_500/aether_cases/files-100-500__www.de/A_UPDATE/stderr.log
Aether,files-100-500,www.de,files-100-500/www.de,NS_UPDATE,ok,,131840.kq.bpod.www.de..txt,,51.747,0.95,,hops|rewrites|lame_delegation|rewrite_blackholing|rewrite_loop|delegation_consistency,false,true,lame_delegation,,num_lec=874; stderr=/home/rulan_yang/DNS-verification/experiments/results/incremental_property_no_wildcard_dname_files_100_500/aether_cases/files-100-500__www.de/NS_UPDATE/stderr.log
Aether,files-100-500,www.de,files-100-500/www.de,CNAME_UPDATE,skipped,,,,,,,hops|rewrites|lame_delegation|rewrite_blackholing|rewrite_loop|delegation_consistency,,,,,no CNAME record
Aether,files-100-500,x-y.net,files-100-500/x-y.net,A_ADD,ok,,abcenglish.x-y.net..txt,,37.315,0.527,,hops|rewrites|lame_delegation|rewrite_blackholing|rewrite_loop|delegation_consistency,false,true,lame_delegation,,num_lec=637; stderr=/home/rulan_yang/DNS-verification/experiments/results/incremental_property_no_wildcard_dname_files_100_500/aether_cases/files-100-500__x-y.net/A_ADD/stderr.log
Aether,files-100-500,x-y.net,files-100-500/x-y.net,A_UPDATE,ok,,abcenglish.x-y.net..txt,,34.815999999999995,0.439,,hops|rewrites|lame_delegation|rewrite_blackholing|rewrite_loop|delegation_consistency,false,true,lame_delegation,,num_lec=636; stderr=/home/rulan_yang/DNS-verification/experiments/results/incremental_property_no_wildcard_dname_files_100_500/aether_cases/files-100-500__x-y.net/A_UPDATE/stderr.log
Aether,files-100-500,x-y.net,files-100-500/x-y.net,NS_UPDATE,ok,,abcenglish.x-y.net..txt,,36.789,0.298,,hops|rewrites|lame_delegation|rewrite_blackholing|rewrite_loop|delegation_consistency,false,true,lame_delegation,,num_lec=636; stderr=/home/rulan_yang/DNS-verification/experiments/results/incremental_property_no_wildcard_dname_files_100_500/aether_cases/files-100-500__x-y.net/NS_UPDATE/stderr.log
Aether,files-100-500,x-y.net,files-100-500/x-y.net,CNAME_UPDATE,skipped,,,,,,,hops|rewrites|lame_delegation|rewrite_blackholing|rewrite_loop|delegation_consistency,,,,,no CNAME record
Aether,files-100-500,x0.com,files-100-500/x0.com,A_ADD,ok,,0155.x0.com..txt,,130.644,0.771,,hops|rewrites|lame_delegation|rewrite_blackholing|rewrite_loop|delegation_consistency,false,true,lame_delegation|rewrites,,num_lec=2066; stderr=/home/rulan_yang/DNS-verification/experiments/results/incremental_property_no_wildcard_dname_files_100_500/aether_cases/files-100-500__x0.com/A_ADD/stderr.log
Aether,files-100-500,x0.com,files-100-500/x0.com,A_UPDATE,ok,,0155.x0.com..txt,,116.98799999999999,0.548,,hops|rewrites|lame_delegation|rewrite_blackholing|rewrite_loop|delegation_consistency,false,true,lame_delegation|rewrites,,num_lec=2065; stderr=/home/rulan_yang/DNS-verification/experiments/results/incremental_property_no_wildcard_dname_files_100_500/aether_cases/files-100-500__x0.com/A_UPDATE/stderr.log
Aether,files-100-500,x0.com,files-100-500/x0.com,NS_UPDATE,ok,,0155.x0.com..txt,,115.7,0.406,,hops|rewrites|lame_delegation|rewrite_blackholing|rewrite_loop|delegation_consistency,false,true,lame_delegation|rewrites,,num_lec=2065; stderr=/home/rulan_yang/DNS-verification/experiments/results/incremental_property_no_wildcard_dname_files_100_500/aether_cases/files-100-500__x0.com/NS_UPDATE/stderr.log
Aether,files-100-500,x0.com,files-100-500/x0.com,CNAME_UPDATE,ok,,a-z.x0.com..txt,,120.353,0.474,,hops|rewrites|lame_delegation|rewrite_blackholing|rewrite_loop|delegation_consistency,false,true,lame_delegation|rewrites,,num_lec=2065; stderr=/home/rulan_yang/DNS-verification/experiments/results/incremental_property_no_wildcard_dname_files_100_500/aether_cases/files-100-500__x0.com/CNAME_UPDATE/stderr.log
Aether,files-100-500,x10.mx,files-100-500/x10.mx,A_ADD,ok,,1909.x10.mx..txt,,51.69800000000001,0.8150000000000001,,hops|rewrites|lame_delegation|rewrite_blackholing|rewrite_loop|delegation_consistency,false,true,lame_delegation|rewrites,,num_lec=724; stderr=/home/rulan_yang/DNS-verification/experiments/results/incremental_property_no_wildcard_dname_files_100_500/aether_cases/files-100-500__x10.mx/A_ADD/stderr.log
Aether,files-100-500,x10.mx,files-100-500/x10.mx,A_UPDATE,ok,,1909.x10.mx..txt,,51.245000000000005,0.446,,hops|rewrites|lame_delegation|rewrite_blackholing|rewrite_loop|delegation_consistency,false,true,lame_delegation|rewrites,,num_lec=723; stderr=/home/rulan_yang/DNS-verification/experiments/results/incremental_property_no_wildcard_dname_files_100_500/aether_cases/files-100-500__x10.mx/A_UPDATE/stderr.log
Aether,files-100-500,x10.mx,files-100-500/x10.mx,NS_UPDATE,ok,,1909.x10.mx..txt,,51.013999999999996,0.334,,hops|rewrites|lame_delegation|rewrite_blackholing|rewrite_loop|delegation_consistency,false,true,lame_delegation|rewrites,,num_lec=723; stderr=/home/rulan_yang/DNS-verification/experiments/results/incremental_property_no_wildcard_dname_files_100_500/aether_cases/files-100-500__x10.mx/NS_UPDATE/stderr.log
Aether,files-100-500,x10.mx,files-100-500/x10.mx,CNAME_UPDATE,ok,,all4god.x10.mx..txt,,56.479,0.351,,hops|rewrites|lame_delegation|rewrite_blackholing|rewrite_loop|delegation_consistency,false,true,lame_delegation|rewrites,,num_lec=723; stderr=/home/rulan_yang/DNS-verification/experiments/results/incremental_property_no_wildcard_dname_files_100_500/aether_cases/files-100-500__x10.mx/CNAME_UPDATE/stderr.log
Aether,files-100-500,xii.jp,files-100-500/xii.jp,A_ADD,ok,,125.xii.jp..txt,,76.215,0.5990000000000001,,hops|rewrites|lame_delegation|rewrite_blackholing|rewrite_loop|delegation_consistency,false,true,lame_delegation,,num_lec=1457; stderr=/home/rulan_yang/DNS-verification/experiments/results/incremental_property_no_wildcard_dname_files_100_500/aether_cases/files-100-500__xii.jp/A_ADD/stderr.log
Aether,files-100-500,xii.jp,files-100-500/xii.jp,A_UPDATE,ok,,125.xii.jp..txt,,77.98399999999998,0.772,,hops|rewrites|lame_delegation|rewrite_blackholing|rewrite_loop|delegation_consistency,false,true,lame_delegation,,num_lec=1456; stderr=/home/rulan_yang/DNS-verification/experiments/results/incremental_property_no_wildcard_dname_files_100_500/aether_cases/files-100-500__xii.jp/A_UPDATE/stderr.log
Aether,files-100-500,xii.jp,files-100-500/xii.jp,NS_UPDATE,ok,,125.xii.jp..txt,,76.89699999999999,0.445,,hops|rewrites|lame_delegation|rewrite_blackholing|rewrite_loop|delegation_consistency,false,true,lame_delegation,,num_lec=1456; stderr=/home/rulan_yang/DNS-verification/experiments/results/incremental_property_no_wildcard_dname_files_100_500/aether_cases/files-100-500__xii.jp/NS_UPDATE/stderr.log
Aether,files-100-500,xii.jp,files-100-500/xii.jp,CNAME_UPDATE,ok,,chiklo.xii.jp..txt,,65.50699999999999,0.46799999999999997,,hops|rewrites|lame_delegation|rewrite_blackholing|rewrite_loop|delegation_consistency,false,true,lame_delegation,,num_lec=1456; stderr=/home/rulan_yang/DNS-verification/experiments/results/incremental_property_no_wildcard_dname_files_100_500/aether_cases/files-100-500__xii.jp/CNAME_UPDATE/stderr.log
Aether,files-100-500,xitinblog.net,files-100-500/xitinblog.net,A_ADD,ok,,125equity.xitinblog.net..txt,,78.21099999999998,0.687,,hops|rewrites|lame_delegation|rewrite_blackholing|rewrite_loop|delegation_consistency,false,true,lame_delegation,,num_lec=1345; stderr=/home/rulan_yang/DNS-verification/experiments/results/incremental_property_no_wildcard_dname_files_100_500/aether_cases/files-100-500__xitinblog.net/A_ADD/stderr.log
Aether,files-100-500,xitinblog.net,files-100-500/xitinblog.net,A_UPDATE,ok,,125equity.xitinblog.net..txt,,73.87700000000001,0.326,,hops|rewrites|lame_delegation|rewrite_blackholing|rewrite_loop|delegation_consistency,false,true,lame_delegation,,num_lec=1344; stderr=/home/rulan_yang/DNS-verification/experiments/results/incremental_property_no_wildcard_dname_files_100_500/aether_cases/files-100-500__xitinblog.net/A_UPDATE/stderr.log
Aether,files-100-500,xitinblog.net,files-100-500/xitinblog.net,NS_UPDATE,ok,,125equity.xitinblog.net..txt,,73.568,0.416,,hops|rewrites|lame_delegation|rewrite_blackholing|rewrite_loop|delegation_consistency,false,true,lame_delegation,,num_lec=1344; stderr=/home/rulan_yang/DNS-verification/experiments/results/incremental_property_no_wildcard_dname_files_100_500/aether_cases/files-100-500__xitinblog.net/NS_UPDATE/stderr.log
Aether,files-100-500,xitinblog.net,files-100-500/xitinblog.net,CNAME_UPDATE,skipped,,,,,,,hops|rewrites|lame_delegation|rewrite_blackholing|rewrite_loop|delegation_consistency,,,,,no CNAME record
Aether,files-100-500,xoom.it,files-100-500/xoom.it,A_ADD,ok,,acelocahujerii.xoom.it..txt,,74.767,0.7240000000000001,,hops|rewrites|lame_delegation|rewrite_blackholing|rewrite_loop|delegation_consistency,false,true,lame_delegation,,num_lec=1395; stderr=/home/rulan_yang/DNS-verification/experiments/results/incremental_property_no_wildcard_dname_files_100_500/aether_cases/files-100-500__xoom.it/A_ADD/stderr.log
Aether,files-100-500,xoom.it,files-100-500/xoom.it,A_UPDATE,ok,,acnm.xoom.it..txt,,91.252,0.47300000000000003,,hops|rewrites|lame_delegation|rewrite_blackholing|rewrite_loop|delegation_consistency,false,true,lame_delegation,,num_lec=1394; stderr=/home/rulan_yang/DNS-verification/experiments/results/incremental_property_no_wildcard_dname_files_100_500/aether_cases/files-100-500__xoom.it/A_UPDATE/stderr.log
Aether,files-100-500,xoom.it,files-100-500/xoom.it,NS_UPDATE,ok,,acelocahujerii.xoom.it..txt,,82.173,1.032,,hops|rewrites|lame_delegation|rewrite_blackholing|rewrite_loop|delegation_consistency,false,true,lame_delegation,,num_lec=1394; stderr=/home/rulan_yang/DNS-verification/experiments/results/incremental_property_no_wildcard_dname_files_100_500/aether_cases/files-100-500__xoom.it/NS_UPDATE/stderr.log
Aether,files-100-500,xoom.it,files-100-500/xoom.it,CNAME_UPDATE,skipped,,,,,,,hops|rewrites|lame_delegation|rewrite_blackholing|rewrite_loop|delegation_consistency,,,,,no CNAME record
Aether,files-100-500,xsrv.jp,files-100-500/xsrv.jp,A_ADD,ok,,acs.xsrv.jp..txt,,91.758,0.962,,hops|rewrites|lame_delegation|rewrite_blackholing|rewrite_loop|delegation_consistency,false,true,lame_delegation,,num_lec=1380; stderr=/home/rulan_yang/DNS-verification/experiments/results/incremental_property_no_wildcard_dname_files_100_500/aether_cases/files-100-500__xsrv.jp/A_ADD/stderr.log
Aether,files-100-500,xsrv.jp,files-100-500/xsrv.jp,A_UPDATE,ok,,acs.xsrv.jp..txt,,102.11500000000001,0.737,,hops|rewrites|lame_delegation|rewrite_blackholing|rewrite_loop|delegation_consistency,false,true,lame_delegation,,num_lec=1379; stderr=/home/rulan_yang/DNS-verification/experiments/results/incremental_property_no_wildcard_dname_files_100_500/aether_cases/files-100-500__xsrv.jp/A_UPDATE/stderr.log
Aether,files-100-500,xsrv.jp,files-100-500/xsrv.jp,NS_UPDATE,ok,,acs.xsrv.jp..txt,,98.40499999999999,0.512,,hops|rewrites|lame_delegation|rewrite_blackholing|rewrite_loop|delegation_consistency,false,true,lame_delegation,,num_lec=1379; stderr=/home/rulan_yang/DNS-verification/experiments/results/incremental_property_no_wildcard_dname_files_100_500/aether_cases/files-100-500__xsrv.jp/NS_UPDATE/stderr.log
Aether,files-100-500,xsrv.jp,files-100-500/xsrv.jp,CNAME_UPDATE,skipped,,,,,,,hops|rewrites|lame_delegation|rewrite_blackholing|rewrite_loop|delegation_consistency,,,,,no CNAME record
Aether,files-100-500,yahoo.com,files-100-500/yahoo.com,A_ADD,ok,,a1.b.yahoo.com..txt,,1804.8300000000002,0.655,,hops|rewrites|lame_delegation|rewrite_blackholing|rewrite_loop|delegation_consistency,true,true,,,num_lec=4927; stderr=/home/rulan_yang/DNS-verification/experiments/results/incremental_property_no_wildcard_dname_files_100_500/aether_cases/files-100-500__yahoo.com/A_ADD/stderr.log
Aether,files-100-500,yahoo.com,files-100-500/yahoo.com,A_UPDATE,ok,,a1.b.yahoo.com..txt,,1801.5380000000002,0.010000000000000002,,hops|rewrites|lame_delegation|rewrite_blackholing|rewrite_loop|delegation_consistency,true,true,,,num_lec=4926; stderr=/home/rulan_yang/DNS-verification/experiments/results/incremental_property_no_wildcard_dname_files_100_500/aether_cases/files-100-500__yahoo.com/A_UPDATE/stderr.log
Aether,files-100-500,yahoo.com,files-100-500/yahoo.com,NS_UPDATE,ok,,a1.b.yahoo.com..txt,,1656.667,0.013999999999999999,,hops|rewrites|lame_delegation|rewrite_blackholing|rewrite_loop|delegation_consistency,true,true,,,num_lec=4926; stderr=/home/rulan_yang/DNS-verification/experiments/results/incremental_property_no_wildcard_dname_files_100_500/aether_cases/files-100-500__yahoo.com/NS_UPDATE/stderr.log
Aether,files-100-500,yahoo.com,files-100-500/yahoo.com,CNAME_UPDATE,ok,,a1.b.yahoo.com..txt,,1992.059,0.37,,hops|rewrites|lame_delegation|rewrite_blackholing|rewrite_loop|delegation_consistency,true,true,,,num_lec=4926; stderr=/home/rulan_yang/DNS-verification/experiments/results/incremental_property_no_wildcard_dname_files_100_500/aether_cases/files-100-500__yahoo.com/CNAME_UPDATE/stderr.log
Aether,files-100-500,yale.edu,files-100-500/yale.edu,A_ADD,ok,,acir.yale.edu..txt,,218.28699999999998,0.193,,hops|rewrites|lame_delegation|rewrite_blackholing|rewrite_loop|delegation_consistency,true,true,,,num_lec=1916; stderr=/home/rulan_yang/DNS-verification/experiments/results/incremental_property_no_wildcard_dname_files_100_500/aether_cases/files-100-500__yale.edu/A_ADD/stderr.log
Aether,files-100-500,yale.edu,files-100-500/yale.edu,A_UPDATE,ok,,acir.yale.edu..txt,,210.50199999999998,0.007,,hops|rewrites|lame_delegation|rewrite_blackholing|rewrite_loop|delegation_consistency,true,true,,,num_lec=1915; stderr=/home/rulan_yang/DNS-verification/experiments/results/incremental_property_no_wildcard_dname_files_100_500/aether_cases/files-100-500__yale.edu/A_UPDATE/stderr.log
Aether,files-100-500,yale.edu,files-100-500/yale.edu,NS_UPDATE,ok,,acir.yale.edu..txt,,241.96,0.008,,hops|rewrites|lame_delegation|rewrite_blackholing|rewrite_loop|delegation_consistency,true,true,,,num_lec=1915; stderr=/home/rulan_yang/DNS-verification/experiments/results/incremental_property_no_wildcard_dname_files_100_500/aether_cases/files-100-500__yale.edu/NS_UPDATE/stderr.log
Aether,files-100-500,yale.edu,files-100-500/yale.edu,CNAME_UPDATE,ok,,alumni.yale.edu..txt,,209.57699999999997,0.062,,hops|rewrites|lame_delegation|rewrite_blackholing|rewrite_loop|delegation_consistency,true,true,,,num_lec=1915; stderr=/home/rulan_yang/DNS-verification/experiments/results/incremental_property_no_wildcard_dname_files_100_500/aether_cases/files-100-500__yale.edu/CNAME_UPDATE/stderr.log
Aether,files-100-500,yorku.ca,files-100-500/yorku.ca,A_ADD,ok,,abel.yorku.ca..txt,,136.532,1.095,,hops|rewrites|lame_delegation|rewrite_blackholing|rewrite_loop|delegation_consistency,false,true,lame_delegation|rewrites,,num_lec=1174; stderr=/home/rulan_yang/DNS-verification/experiments/results/incremental_property_no_wildcard_dname_files_100_500/aether_cases/files-100-500__yorku.ca/A_ADD/stderr.log
Aether,files-100-500,yorku.ca,files-100-500/yorku.ca,A_UPDATE,ok,,abel.yorku.ca..txt,,138.40099999999998,0.786,,hops|rewrites|lame_delegation|rewrite_blackholing|rewrite_loop|delegation_consistency,false,true,lame_delegation|rewrites,,num_lec=1173; stderr=/home/rulan_yang/DNS-verification/experiments/results/incremental_property_no_wildcard_dname_files_100_500/aether_cases/files-100-500__yorku.ca/A_UPDATE/stderr.log
Aether,files-100-500,yorku.ca,files-100-500/yorku.ca,NS_UPDATE,ok,,abel.yorku.ca..txt,,160.233,0.684,,hops|rewrites|lame_delegation|rewrite_blackholing|rewrite_loop|delegation_consistency,false,true,lame_delegation|rewrites,,num_lec=1173; stderr=/home/rulan_yang/DNS-verification/experiments/results/incremental_property_no_wildcard_dname_files_100_500/aether_cases/files-100-500__yorku.ca/NS_UPDATE/stderr.log
Aether,files-100-500,yorku.ca,files-100-500/yorku.ca,CNAME_UPDATE,ok,,abel.yorku.ca..txt,,161.06200000000004,0.9580000000000001,,hops|rewrites|lame_delegation|rewrite_blackholing|rewrite_loop|delegation_consistency,false,true,lame_delegation|rewrites,,num_lec=1173; stderr=/home/rulan_yang/DNS-verification/experiments/results/incremental_property_no_wildcard_dname_files_100_500/aether_cases/files-100-500__yorku.ca/CNAME_UPDATE/stderr.log
Aether,files-100-500,yourfreehosting.net,files-100-500/yourfreehosting.net,A_ADD,ok,,accordion2.yourfreehosting.net..txt,,86.943,1.1749999999999998,,hops|rewrites|lame_delegation|rewrite_blackholing|rewrite_loop|delegation_consistency,false,true,lame_delegation,,num_lec=1435; stderr=/home/rulan_yang/DNS-verification/experiments/results/incremental_property_no_wildcard_dname_files_100_500/aether_cases/files-100-500__yourfreehosting.net/A_ADD/stderr.log
Aether,files-100-500,yourfreehosting.net,files-100-500/yourfreehosting.net,A_UPDATE,ok,,accordion2.yourfreehosting.net..txt,,86.172,0.40700000000000003,,hops|rewrites|lame_delegation|rewrite_blackholing|rewrite_loop|delegation_consistency,false,true,lame_delegation,,num_lec=1434; stderr=/home/rulan_yang/DNS-verification/experiments/results/incremental_property_no_wildcard_dname_files_100_500/aether_cases/files-100-500__yourfreehosting.net/A_UPDATE/stderr.log
Aether,files-100-500,yourfreehosting.net,files-100-500/yourfreehosting.net,NS_UPDATE,ok,,accordion2.yourfreehosting.net..txt,,86.392,1.8559999999999999,,hops|rewrites|lame_delegation|rewrite_blackholing|rewrite_loop|delegation_consistency,false,true,lame_delegation,,num_lec=1434; stderr=/home/rulan_yang/DNS-verification/experiments/results/incremental_property_no_wildcard_dname_files_100_500/aether_cases/files-100-500__yourfreehosting.net/NS_UPDATE/stderr.log
Aether,files-100-500,yourfreehosting.net,files-100-500/yourfreehosting.net,CNAME_UPDATE,skipped,,,,,,,hops|rewrites|lame_delegation|rewrite_blackholing|rewrite_loop|delegation_consistency,,,,,no CNAME record
Aether,files-100-500,yourprospex.com,files-100-500/yourprospex.com,A_ADD,ok,,aaronwroten.yourprospex.com..txt,,34.870000000000005,0.174,,hops|rewrites|lame_delegation|rewrite_blackholing|rewrite_loop|delegation_consistency,true,true,,,num_lec=528; stderr=/home/rulan_yang/DNS-verification/experiments/results/incremental_property_no_wildcard_dname_files_100_500/aether_cases/files-100-500__yourprospex.com/A_ADD/stderr.log
Aether,files-100-500,yourprospex.com,files-100-500/yourprospex.com,A_UPDATE,ok,,aaronwroten.yourprospex.com..txt,,34.232,0.059,,hops|rewrites|lame_delegation|rewrite_blackholing|rewrite_loop|delegation_consistency,true,true,,,num_lec=527; stderr=/home/rulan_yang/DNS-verification/experiments/results/incremental_property_no_wildcard_dname_files_100_500/aether_cases/files-100-500__yourprospex.com/A_UPDATE/stderr.log
Aether,files-100-500,yourprospex.com,files-100-500/yourprospex.com,NS_UPDATE,ok,,yourprospex.com..txt,,30.444,0.24100000000000002,,hops|rewrites|lame_delegation|rewrite_blackholing|rewrite_loop|delegation_consistency,true,true,,,num_lec=527; stderr=/home/rulan_yang/DNS-verification/experiments/results/incremental_property_no_wildcard_dname_files_100_500/aether_cases/files-100-500__yourprospex.com/NS_UPDATE/stderr.log
Aether,files-100-500,yourprospex.com,files-100-500/yourprospex.com,CNAME_UPDATE,skipped,,,,,,,hops|rewrites|lame_delegation|rewrite_blackholing|rewrite_loop|delegation_consistency,,,,,no CNAME record
Aether,files-100-500,za.net,files-100-500/za.net,A_ADD,ok,,17loader.za.net..txt,,294.95300000000003,0.747,,hops|rewrites|lame_delegation|rewrite_blackholing|rewrite_loop|delegation_consistency,false,true,lame_delegation|rewrites,,num_lec=3320; stderr=/home/rulan_yang/DNS-verification/experiments/results/incremental_property_no_wildcard_dname_files_100_500/aether_cases/files-100-500__za.net/A_ADD/stderr.log
Aether,files-100-500,za.net,files-100-500/za.net,A_UPDATE,ok,,17loader.za.net..txt,,308.52399999999994,0.589,,hops|rewrites|lame_delegation|rewrite_blackholing|rewrite_loop|delegation_consistency,false,true,lame_delegation|rewrites,,num_lec=3319; stderr=/home/rulan_yang/DNS-verification/experiments/results/incremental_property_no_wildcard_dname_files_100_500/aether_cases/files-100-500__za.net/A_UPDATE/stderr.log
Aether,files-100-500,za.net,files-100-500/za.net,NS_UPDATE,ok,,17loader.za.net..txt,,290.818,0.862,,hops|rewrites|lame_delegation|rewrite_blackholing|rewrite_loop|delegation_consistency,false,true,lame_delegation|rewrites,,num_lec=3319; stderr=/home/rulan_yang/DNS-verification/experiments/results/incremental_property_no_wildcard_dname_files_100_500/aether_cases/files-100-500__za.net/NS_UPDATE/stderr.log
Aether,files-100-500,za.net,files-100-500/za.net,CNAME_UPDATE,ok,,acidmax.za.net..txt,,273.851,0.484,,hops|rewrites|lame_delegation|rewrite_blackholing|rewrite_loop|delegation_consistency,false,true,lame_delegation|rewrites,,num_lec=3319; stderr=/home/rulan_yang/DNS-verification/experiments/results/incremental_property_no_wildcard_dname_files_100_500/aether_cases/files-100-500__za.net/CNAME_UPDATE/stderr.log
Aether,files-100-500,zgora.pl,files-100-500/zgora.pl,A_ADD,ok,,7liceum.zgora.pl..txt,,154.982,0.161,,hops|rewrites|lame_delegation|rewrite_blackholing|rewrite_loop|delegation_consistency,true,true,,,num_lec=1381; stderr=/home/rulan_yang/DNS-verification/experiments/results/incremental_property_no_wildcard_dname_files_100_500/aether_cases/files-100-500__zgora.pl/A_ADD/stderr.log
Aether,files-100-500,zgora.pl,files-100-500/zgora.pl,A_UPDATE,ok,,7liceum.zgora.pl..txt,,133.755,0.006,,hops|rewrites|lame_delegation|rewrite_blackholing|rewrite_loop|delegation_consistency,true,true,,,num_lec=1380; stderr=/home/rulan_yang/DNS-verification/experiments/results/incremental_property_no_wildcard_dname_files_100_500/aether_cases/files-100-500__zgora.pl/A_UPDATE/stderr.log
Aether,files-100-500,zgora.pl,files-100-500/zgora.pl,NS_UPDATE,ok,,7liceum.zgora.pl..txt,,126.272,0.006,,hops|rewrites|lame_delegation|rewrite_blackholing|rewrite_loop|delegation_consistency,true,true,,,num_lec=1380; stderr=/home/rulan_yang/DNS-verification/experiments/results/incremental_property_no_wildcard_dname_files_100_500/aether_cases/files-100-500__zgora.pl/NS_UPDATE/stderr.log
Aether,files-100-500,zgora.pl,files-100-500/zgora.pl,CNAME_UPDATE,ok,,7liceum.zgora.pl..txt,,133.012,0.081,,hops|rewrites|lame_delegation|rewrite_blackholing|rewrite_loop|delegation_consistency,true,true,,,num_lec=1380; stderr=/home/rulan_yang/DNS-verification/experiments/results/incremental_property_no_wildcard_dname_files_100_500/aether_cases/files-100-500__zgora.pl/CNAME_UPDATE/stderr.log
Aether,files-100-500,zhp.pl,files-100-500/zhp.pl,A_ADD,ok,,1procent.zhp.pl..txt,,60.270999999999994,0.5730000000000001,,hops|rewrites|lame_delegation|rewrite_blackholing|rewrite_loop|delegation_consistency,false,true,lame_delegation|rewrites,,num_lec=956; stderr=/home/rulan_yang/DNS-verification/experiments/results/incremental_property_no_wildcard_dname_files_100_500/aether_cases/files-100-500__zhp.pl/A_ADD/stderr.log
Aether,files-100-500,zhp.pl,files-100-500/zhp.pl,A_UPDATE,ok,,1procent.zhp.pl..txt,,71.97699999999999,0.399,,hops|rewrites|lame_delegation|rewrite_blackholing|rewrite_loop|delegation_consistency,false,true,lame_delegation|rewrites,,num_lec=955; stderr=/home/rulan_yang/DNS-verification/experiments/results/incremental_property_no_wildcard_dname_files_100_500/aether_cases/files-100-500__zhp.pl/A_UPDATE/stderr.log
Aether,files-100-500,zhp.pl,files-100-500/zhp.pl,NS_UPDATE,ok,,1procent.zhp.pl..txt,,67.122,0.991,,hops|rewrites|lame_delegation|rewrite_blackholing|rewrite_loop|delegation_consistency,false,true,lame_delegation|rewrites,,num_lec=955; stderr=/home/rulan_yang/DNS-verification/experiments/results/incremental_property_no_wildcard_dname_files_100_500/aether_cases/files-100-500__zhp.pl/NS_UPDATE/stderr.log
Aether,files-100-500,zhp.pl,files-100-500/zhp.pl,CNAME_UPDATE,ok,,akademicy.zhp.pl..txt,,68.608,0.969,,hops|rewrites|lame_delegation|rewrite_blackholing|rewrite_loop|delegation_consistency,false,true,lame_delegation|rewrites,,num_lec=955; stderr=/home/rulan_yang/DNS-verification/experiments/results/incremental_property_no_wildcard_dname_files_100_500/aether_cases/files-100-500__zhp.pl/CNAME_UPDATE/stderr.log
Aether,files-500-1000,votesp.com,files-500-1000/votesp.com,A_ADD,ok,,1018e.votesp.com..txt,,200.846,0.29300000000000004,,hops|rewrites|lame_delegation|rewrite_blackholing|rewrite_loop|delegation_consistency,true,true,,,num_lec=3590; stderr=/home/rulan_yang/DNS-verification/experiments/results/incremental_property_no_wildcard_dname_files_500_1000/aether_cases/files-500-1000__votesp.com/A_ADD/stderr.log
Aether,files-500-1000,votesp.com,files-500-1000/votesp.com,A_UPDATE,ok,,1018e.votesp.com..txt,,160.409,0.056999999999999995,,hops|rewrites|lame_delegation|rewrite_blackholing|rewrite_loop|delegation_consistency,true,true,,,num_lec=3589; stderr=/home/rulan_yang/DNS-verification/experiments/results/incremental_property_no_wildcard_dname_files_500_1000/aether_cases/files-500-1000__votesp.com/A_UPDATE/stderr.log
Aether,files-500-1000,votesp.com,files-500-1000/votesp.com,NS_UPDATE,ok,,votesp.com..txt,,167.342,0.194,,hops|rewrites|lame_delegation|rewrite_blackholing|rewrite_loop|delegation_consistency,true,true,,,num_lec=3589; stderr=/home/rulan_yang/DNS-verification/experiments/results/incremental_property_no_wildcard_dname_files_500_1000/aether_cases/files-500-1000__votesp.com/NS_UPDATE/stderr.log
Aether,files-500-1000,votesp.com,files-500-1000/votesp.com,CNAME_UPDATE,skipped,,,,,,,hops|rewrites|lame_delegation|rewrite_blackholing|rewrite_loop|delegation_consistency,,,,,no CNAME record
Aether,files-500-1000,web.tr,files-500-1000/web.tr,A_ADD,ok,,2k.web.tr..txt,,317.57300000000004,0.165,,hops|rewrites|lame_delegation|rewrite_blackholing|rewrite_loop|delegation_consistency,true,true,,,num_lec=3654; stderr=/home/rulan_yang/DNS-verification/experiments/results/incremental_property_no_wildcard_dname_files_500_1000/aether_cases/files-500-1000__web.tr/A_ADD/stderr.log
Aether,files-500-1000,web.tr,files-500-1000/web.tr,A_UPDATE,ok,,2k.web.tr..txt,,383.687,0.006,,hops|rewrites|lame_delegation|rewrite_blackholing|rewrite_loop|delegation_consistency,true,true,,,num_lec=3653; stderr=/home/rulan_yang/DNS-verification/experiments/results/incremental_property_no_wildcard_dname_files_500_1000/aether_cases/files-500-1000__web.tr/A_UPDATE/stderr.log
Aether,files-500-1000,web.tr,files-500-1000/web.tr,NS_UPDATE,ok,,2k.web.tr..txt,,346.742,0.007,,hops|rewrites|lame_delegation|rewrite_blackholing|rewrite_loop|delegation_consistency,true,true,,,num_lec=3653; stderr=/home/rulan_yang/DNS-verification/experiments/results/incremental_property_no_wildcard_dname_files_500_1000/aether_cases/files-500-1000__web.tr/NS_UPDATE/stderr.log
Aether,files-500-1000,web.tr,files-500-1000/web.tr,CNAME_UPDATE,ok,,2k.web.tr..txt,,349.671,0.057,,hops|rewrites|lame_delegation|rewrite_blackholing|rewrite_loop|delegation_consistency,true,true,,,num_lec=3653; stderr=/home/rulan_yang/DNS-verification/experiments/results/incremental_property_no_wildcard_dname_files_500_1000/aether_cases/files-500-1000__web.tr/CNAME_UPDATE/stderr.log
Aether,files-500-1000,weblog.com,files-500-1000/weblog.com,A_ADD,ok,,3cministries.weblog.com..txt,,162.17000000000002,1.111,,hops|rewrites|lame_delegation|rewrite_blackholing|rewrite_loop|delegation_consistency,false,true,lame_delegation,,num_lec=2830; stderr=/home/rulan_yang/DNS-verification/experiments/results/incremental_property_no_wildcard_dname_files_500_1000/aether_cases/files-500-1000__weblog.com/A_ADD/stderr.log
Aether,files-500-1000,weblog.com,files-500-1000/weblog.com,A_UPDATE,ok,,3cministries.weblog.com..txt,,144.327,0.837,,hops|rewrites|lame_delegation|rewrite_blackholing|rewrite_loop|delegation_consistency,false,true,lame_delegation,,num_lec=2829; stderr=/home/rulan_yang/DNS-verification/experiments/results/incremental_property_no_wildcard_dname_files_500_1000/aether_cases/files-500-1000__weblog.com/A_UPDATE/stderr.log
Aether,files-500-1000,weblog.com,files-500-1000/weblog.com,NS_UPDATE,ok,,3cministries.weblog.com..txt,,158.962,0.483,,hops|rewrites|lame_delegation|rewrite_blackholing|rewrite_loop|delegation_consistency,false,true,lame_delegation,,num_lec=2829; stderr=/home/rulan_yang/DNS-verification/experiments/results/incremental_property_no_wildcard_dname_files_500_1000/aether_cases/files-500-1000__weblog.com/NS_UPDATE/stderr.log
Aether,files-500-1000,weblog.com,files-500-1000/weblog.com,CNAME_UPDATE,skipped,,,,,,,hops|rewrites|lame_delegation|rewrite_blackholing|rewrite_loop|delegation_consistency,,,,,no CNAME record
Aether,files-500-1000,wisc.edu,files-500-1000/wisc.edu,A_ADD,ok,,333ecm.wisc.edu..txt,,655.372,1.0539999999999998,,hops|rewrites|lame_delegation|rewrite_blackholing|rewrite_loop|delegation_consistency,false,true,lame_delegation|rewrites,,num_lec=5451; stderr=/home/rulan_yang/DNS-verification/experiments/results/incremental_property_no_wildcard_dname_files_500_1000/aether_cases/files-500-1000__wisc.edu/A_ADD/stderr.log
Aether,files-500-1000,wisc.edu,files-500-1000/wisc.edu,A_UPDATE,ok,,333ecm.wisc.edu..txt,,600.413,0.535,,hops|rewrites|lame_delegation|rewrite_blackholing|rewrite_loop|delegation_consistency,false,true,lame_delegation|rewrites,,num_lec=5450; stderr=/home/rulan_yang/DNS-verification/experiments/results/incremental_property_no_wildcard_dname_files_500_1000/aether_cases/files-500-1000__wisc.edu/A_UPDATE/stderr.log
Aether,files-500-1000,wisc.edu,files-500-1000/wisc.edu,NS_UPDATE,ok,,333ecm.wisc.edu..txt,,628.903,0.773,,hops|rewrites|lame_delegation|rewrite_blackholing|rewrite_loop|delegation_consistency,false,true,lame_delegation|rewrites,,num_lec=5450; stderr=/home/rulan_yang/DNS-verification/experiments/results/incremental_property_no_wildcard_dname_files_500_1000/aether_cases/files-500-1000__wisc.edu/NS_UPDATE/stderr.log
Aether,files-500-1000,wisc.edu,files-500-1000/wisc.edu,CNAME_UPDATE,error,,,,,,,hops|rewrites|lame_delegation|rewrite_blackholing|rewrite_loop|delegation_consistency,,,,,exit=101; stderr=/home/rulan_yang/DNS-verification/experiments/results/incremental_property_no_wildcard_dname_files_500_1000/aether_cases/files-500-1000__wisc.edu/CNAME_UPDATE/stderr.log
Aether,files-500-1000,wopert.com,files-500-1000/wopert.com,A_ADD,ok,,0cob9yz.wopert.com..txt,,120.598,0.296,,hops|rewrites|lame_delegation|rewrite_blackholing|rewrite_loop|delegation_consistency,true,true,,,num_lec=2008; stderr=/home/rulan_yang/DNS-verification/experiments/results/incremental_property_no_wildcard_dname_files_500_1000/aether_cases/files-500-1000__wopert.com/A_ADD/stderr.log
Aether,files-500-1000,wopert.com,files-500-1000/wopert.com,A_UPDATE,ok,,0cob9yz.wopert.com..txt,,122.515,0.07100000000000001,,hops|rewrites|lame_delegation|rewrite_blackholing|rewrite_loop|delegation_consistency,true,true,,,num_lec=2007; stderr=/home/rulan_yang/DNS-verification/experiments/results/incremental_property_no_wildcard_dname_files_500_1000/aether_cases/files-500-1000__wopert.com/A_UPDATE/stderr.log
Aether,files-500-1000,wopert.com,files-500-1000/wopert.com,NS_UPDATE,ok,,wopert.com..txt,,119.368,0.222,,hops|rewrites|lame_delegation|rewrite_blackholing|rewrite_loop|delegation_consistency,true,true,,,num_lec=2007; stderr=/home/rulan_yang/DNS-verification/experiments/results/incremental_property_no_wildcard_dname_files_500_1000/aether_cases/files-500-1000__wopert.com/NS_UPDATE/stderr.log
Aether,files-500-1000,wopert.com,files-500-1000/wopert.com,CNAME_UPDATE,skipped,,,,,,,hops|rewrites|lame_delegation|rewrite_blackholing|rewrite_loop|delegation_consistency,,,,,no CNAME record
Aether,files-500-1000,wroc.pl,files-500-1000/wroc.pl,A_ADD,ok,,2012.wroc.pl..txt,,683.289,0.9249999999999999,,hops|rewrites|lame_delegation|rewrite_blackholing|rewrite_loop|delegation_consistency,false,true,lame_delegation|rewrites,,num_lec=5024; stderr=/home/rulan_yang/DNS-verification/experiments/results/incremental_property_no_wildcard_dname_files_500_1000/aether_cases/files-500-1000__wroc.pl/A_ADD/stderr.log
Aether,files-500-1000,wroc.pl,files-500-1000/wroc.pl,A_UPDATE,ok,,2012.wroc.pl..txt,,724.338,0.76,,hops|rewrites|lame_delegation|rewrite_blackholing|rewrite_loop|delegation_consistency,false,true,lame_delegation|rewrites,,num_lec=5023; stderr=/home/rulan_yang/DNS-verification/experiments/results/incremental_property_no_wildcard_dname_files_500_1000/aether_cases/files-500-1000__wroc.pl/A_UPDATE/stderr.log
Aether,files-500-1000,wroc.pl,files-500-1000/wroc.pl,NS_UPDATE,ok,,2012.wroc.pl..txt,,719.38,1.0959999999999999,,hops|rewrites|lame_delegation|rewrite_blackholing|rewrite_loop|delegation_consistency,false,true,lame_delegation|rewrites,,num_lec=5023; stderr=/home/rulan_yang/DNS-verification/experiments/results/incremental_property_no_wildcard_dname_files_500_1000/aether_cases/files-500-1000__wroc.pl/NS_UPDATE/stderr.log
Aether,files-500-1000,wroc.pl,files-500-1000/wroc.pl,CNAME_UPDATE,ok,,accord.wroc.pl..txt,,718.728,0.76,,hops|rewrites|lame_delegation|rewrite_blackholing|rewrite_loop|delegation_consistency,false,true,lame_delegation|rewrites,,num_lec=5023; stderr=/home/rulan_yang/DNS-verification/experiments/results/incremental_property_no_wildcard_dname_files_500_1000/aether_cases/files-500-1000__wroc.pl/CNAME_UPDATE/stderr.log
Aether,files-500-1000,wroclaw.pl,files-500-1000/wroclaw.pl,A_ADD,ok,,2mserwis.wroclaw.pl..txt,,340.09899999999993,0.227,,hops|rewrites|lame_delegation|rewrite_blackholing|rewrite_loop|delegation_consistency,true,true,,,num_lec=3249; stderr=/home/rulan_yang/DNS-verification/experiments/results/incremental_property_no_wildcard_dname_files_500_1000/aether_cases/files-500-1000__wroclaw.pl/A_ADD/stderr.log
Aether,files-500-1000,wroclaw.pl,files-500-1000/wroclaw.pl,A_UPDATE,ok,,2mserwis.wroclaw.pl..txt,,333.48900000000003,0.007,,hops|rewrites|lame_delegation|rewrite_blackholing|rewrite_loop|delegation_consistency,true,true,,,num_lec=3248; stderr=/home/rulan_yang/DNS-verification/experiments/results/incremental_property_no_wildcard_dname_files_500_1000/aether_cases/files-500-1000__wroclaw.pl/A_UPDATE/stderr.log
Aether,files-500-1000,wroclaw.pl,files-500-1000/wroclaw.pl,NS_UPDATE,ok,,2mserwis.wroclaw.pl..txt,,344.56600000000003,0.011000000000000001,,hops|rewrites|lame_delegation|rewrite_blackholing|rewrite_loop|delegation_consistency,true,true,,,num_lec=3248; stderr=/home/rulan_yang/DNS-verification/experiments/results/incremental_property_no_wildcard_dname_files_500_1000/aether_cases/files-500-1000__wroclaw.pl/NS_UPDATE/stderr.log
Aether,files-500-1000,wroclaw.pl,files-500-1000/wroclaw.pl,CNAME_UPDATE,ok,,accent.wroclaw.pl..txt,,325.71799999999996,0.11,,hops|rewrites|lame_delegation|rewrite_blackholing|rewrite_loop|delegation_consistency,true,true,,,num_lec=3248; stderr=/home/rulan_yang/DNS-verification/experiments/results/incremental_property_no_wildcard_dname_files_500_1000/aether_cases/files-500-1000__wroclaw.pl/CNAME_UPDATE/stderr.log
Aether,files-500-1000,zp.ua,files-500-1000/zp.ua,A_ADD,ok,,09.zp.ua..txt,,417.293,0.197,,hops|rewrites|lame_delegation|rewrite_blackholing|rewrite_loop|delegation_consistency,true,true,,,num_lec=4481; stderr=/home/rulan_yang/DNS-verification/experiments/results/incremental_property_no_wildcard_dname_files_500_1000/aether_cases/files-500-1000__zp.ua/A_ADD/stderr.log
Aether,files-500-1000,zp.ua,files-500-1000/zp.ua,A_UPDATE,ok,,09.zp.ua..txt,,420.68,0.007,,hops|rewrites|lame_delegation|rewrite_blackholing|rewrite_loop|delegation_consistency,true,true,,,num_lec=4480; stderr=/home/rulan_yang/DNS-verification/experiments/results/incremental_property_no_wildcard_dname_files_500_1000/aether_cases/files-500-1000__zp.ua/A_UPDATE/stderr.log
Aether,files-500-1000,zp.ua,files-500-1000/zp.ua,NS_UPDATE,ok,,09.zp.ua..txt,,358.431,0.008,,hops|rewrites|lame_delegation|rewrite_blackholing|rewrite_loop|delegation_consistency,true,true,,,num_lec=4480; stderr=/home/rulan_yang/DNS-verification/experiments/results/incremental_property_no_wildcard_dname_files_500_1000/aether_cases/files-500-1000__zp.ua/NS_UPDATE/stderr.log
Aether,files-500-1000,zp.ua,files-500-1000/zp.ua,CNAME_UPDATE,ok,,afisha.zp.ua..txt,,396.19999999999993,0.10300000000000001,,hops|rewrites|lame_delegation|rewrite_blackholing|rewrite_loop|delegation_consistency,true,true,,,num_lec=4480; stderr=/home/rulan_yang/DNS-verification/experiments/results/incremental_property_no_wildcard_dname_files_500_1000/aether_cases/files-500-1000__zp.ua/CNAME_UPDATE/stderr.log
Aether,files-1000-plus,waw.pl,files-1000-plus/waw.pl,A_ADD,ok,,147break.waw.pl..txt,,1919.064,0.255,,hops|rewrites|lame_delegation|rewrite_blackholing|rewrite_loop|delegation_consistency,true,true,,,num_lec=14869; stderr=/home/rulan_yang/DNS-verification/experiments/results/incremental_property_no_wildcard_dname_files_1000_plus/aether_cases/files-1000-plus__waw.pl/A_ADD/stderr.log
Aether,files-1000-plus,waw.pl,files-1000-plus/waw.pl,A_UPDATE,ok,,147break.waw.pl..txt,,2147.5550000000003,0.007,,hops|rewrites|lame_delegation|rewrite_blackholing|rewrite_loop|delegation_consistency,true,true,,,num_lec=14868; stderr=/home/rulan_yang/DNS-verification/experiments/results/incremental_property_no_wildcard_dname_files_1000_plus/aether_cases/files-1000-plus__waw.pl/A_UPDATE/stderr.log
Aether,files-1000-plus,waw.pl,files-1000-plus/waw.pl,NS_UPDATE,ok,,147break.waw.pl..txt,,1897.035,0.009000000000000001,,hops|rewrites|lame_delegation|rewrite_blackholing|rewrite_loop|delegation_consistency,true,true,,,num_lec=14868; stderr=/home/rulan_yang/DNS-verification/experiments/results/incremental_property_no_wildcard_dname_files_1000_plus/aether_cases/files-1000-plus__waw.pl/NS_UPDATE/stderr.log
Aether,files-1000-plus,waw.pl,files-1000-plus/waw.pl,CNAME_UPDATE,ok,,26lo.waw.pl..txt,,1862.8049999999998,0.034,,hops|rewrites|lame_delegation|rewrite_blackholing|rewrite_loop|delegation_consistency,true,true,,,num_lec=14868; stderr=/home/rulan_yang/DNS-verification/experiments/results/incremental_property_no_wildcard_dname_files_1000_plus/aether_cases/files-1000-plus__waw.pl/CNAME_UPDATE/stderr.log
Aether,files-1000-plus,web.id,files-1000-plus/web.id,A_ADD,ok,,4share.web.id..txt,,2019.1370000000002,0.317,,hops|rewrites|lame_delegation|rewrite_blackholing|rewrite_loop|delegation_consistency,true,true,,,num_lec=16071; stderr=/home/rulan_yang/DNS-verification/experiments/results/incremental_property_no_wildcard_dname_files_1000_plus/aether_cases/files-1000-plus__web.id/A_ADD/stderr.log
Aether,files-1000-plus,web.id,files-1000-plus/web.id,A_UPDATE,ok,,4share.web.id..txt,,2003.693,0.009000000000000001,,hops|rewrites|lame_delegation|rewrite_blackholing|rewrite_loop|delegation_consistency,true,true,,,num_lec=16070; stderr=/home/rulan_yang/DNS-verification/experiments/results/incremental_property_no_wildcard_dname_files_1000_plus/aether_cases/files-1000-plus__web.id/A_UPDATE/stderr.log
Aether,files-1000-plus,web.id,files-1000-plus/web.id,NS_UPDATE,ok,,4share.web.id..txt,,1993.0510000000002,0.009000000000000001,,hops|rewrites|lame_delegation|rewrite_blackholing|rewrite_loop|delegation_consistency,true,true,,,num_lec=16070; stderr=/home/rulan_yang/DNS-verification/experiments/results/incremental_property_no_wildcard_dname_files_1000_plus/aether_cases/files-1000-plus__web.id/NS_UPDATE/stderr.log
Aether,files-1000-plus,web.id,files-1000-plus/web.id,CNAME_UPDATE,ok,,a7x.web.id..txt,,1897.1870000000001,0.011,,hops|rewrites|lame_delegation|rewrite_blackholing|rewrite_loop|delegation_consistency,true,true,,,num_lec=16070; stderr=/home/rulan_yang/DNS-verification/experiments/results/incremental_property_no_wildcard_dname_files_1000_plus/aether_cases/files-1000-plus__web.id/CNAME_UPDATE/stderr.log
Aether,files-1000-plus,wp-studio.net,files-1000-plus/wp-studio.net,A_ADD,ok,,007.wp-studio.net..txt,,380.731,0.918,,hops|rewrites|lame_delegation|rewrite_blackholing|rewrite_loop|delegation_consistency,false,true,lame_delegation,,num_lec=6834; stderr=/home/rulan_yang/DNS-verification/experiments/results/incremental_property_no_wildcard_dname_files_1000_plus/aether_cases/files-1000-plus__wp-studio.net/A_ADD/stderr.log
Aether,files-1000-plus,wp-studio.net,files-1000-plus/wp-studio.net,A_UPDATE,ok,,007.wp-studio.net..txt,,357.94800000000004,0.775,,hops|rewrites|lame_delegation|rewrite_blackholing|rewrite_loop|delegation_consistency,false,true,lame_delegation,,num_lec=6833; stderr=/home/rulan_yang/DNS-verification/experiments/results/incremental_property_no_wildcard_dname_files_1000_plus/aether_cases/files-1000-plus__wp-studio.net/A_UPDATE/stderr.log
Aether,files-1000-plus,wp-studio.net,files-1000-plus/wp-studio.net,NS_UPDATE,ok,,007.wp-studio.net..txt,,405.001,0.55,,hops|rewrites|lame_delegation|rewrite_blackholing|rewrite_loop|delegation_consistency,false,true,lame_delegation,,num_lec=6833; stderr=/home/rulan_yang/DNS-verification/experiments/results/incremental_property_no_wildcard_dname_files_1000_plus/aether_cases/files-1000-plus__wp-studio.net/NS_UPDATE/stderr.log
Aether,files-1000-plus,wp-studio.net,files-1000-plus/wp-studio.net,CNAME_UPDATE,skipped,,,,,,,hops|rewrites|lame_delegation|rewrite_blackholing|rewrite_loop|delegation_consistency,,,,,no CNAME record
Aether,files-1000-plus,youaremighty.com,files-1000-plus/youaremighty.com,A_ADD,ok,,1337.youaremighty.com..txt,,2485.1410000000005,1.527,,hops|rewrites|lame_delegation|rewrite_blackholing|rewrite_loop|delegation_consistency,false,true,lame_delegation,,num_lec=18570; stderr=/home/rulan_yang/DNS-verification/experiments/results/incremental_property_no_wildcard_dname_files_1000_plus/aether_cases/files-1000-plus__youaremighty.com/A_ADD/stderr.log
Aether,files-1000-plus,youaremighty.com,files-1000-plus/youaremighty.com,A_UPDATE,ok,,1337.youaremighty.com..txt,,2564.782,0.868,,hops|rewrites|lame_delegation|rewrite_blackholing|rewrite_loop|delegation_consistency,false,true,lame_delegation,,num_lec=18569; stderr=/home/rulan_yang/DNS-verification/experiments/results/incremental_property_no_wildcard_dname_files_1000_plus/aether_cases/files-1000-plus__youaremighty.com/A_UPDATE/stderr.log
Aether,files-1000-plus,youaremighty.com,files-1000-plus/youaremighty.com,NS_UPDATE,ok,,1337.youaremighty.com..txt,,2487.1200000000003,0.734,,hops|rewrites|lame_delegation|rewrite_blackholing|rewrite_loop|delegation_consistency,false,true,lame_delegation,,num_lec=18569; stderr=/home/rulan_yang/DNS-verification/experiments/results/incremental_property_no_wildcard_dname_files_1000_plus/aether_cases/files-1000-plus__youaremighty.com/NS_UPDATE/stderr.log
Aether,files-1000-plus,youaremighty.com,files-1000-plus/youaremighty.com,CNAME_UPDATE,skipped,,,,,,,hops|rewrites|lame_delegation|rewrite_blackholing|rewrite_loop|delegation_consistency,,,,,no CNAME record
Aether,top-10,co.kr,top-10/co.kr,A_ADD,error,,,,,,,hops|rewrites|lame_delegation|rewrite_blackholing|rewrite_loop|delegation_consistency,,,,,"TimeoutExpired(['/home/rulan_yang/DNS-verification/aether/dnsverify/target/release/dnsv', '--output', '/home/rulan_yang/DNS-verification/experiments/results/incremental_property_no_wildcard_dname_top_10/aether_cases/top-10__co.kr/A_ADD/aether_raw.csv', '--trace', '/home/rulan_yang/DNS-verification/experiments/results/incremental_property_no_wildcard_dname_top_10/aether_cases/top-10__co.kr/A_ADD/traces', '--updates', '/home/rulan_yang/DNS-verification/experiments/results/incremental_property_no_wildcard_dname_top_10/aether_cases/top-10__co.kr/A_ADD/updates.csv', '--jobs', '/home/rulan_yang/DNS-verification/experiments/results/incremental_property_no_wildcard_dname_top_10/properties.txt', 'c', '/home/rulan_yang/DNS-verification/experiments/results/incremental_property_no_wildcard_dname_top_10/aether_cases/top-10__co.kr/A_ADD/input.csv'], 60.0)"
Aether,top-10,co.kr,top-10/co.kr,A_UPDATE,error,,,,,,,hops|rewrites|lame_delegation|rewrite_blackholing|rewrite_loop|delegation_consistency,,,,,"TimeoutExpired(['/home/rulan_yang/DNS-verification/aether/dnsverify/target/release/dnsv', '--output', '/home/rulan_yang/DNS-verification/experiments/results/incremental_property_no_wildcard_dname_top_10/aether_cases/top-10__co.kr/A_UPDATE/aether_raw.csv', '--trace', '/home/rulan_yang/DNS-verification/experiments/results/incremental_property_no_wildcard_dname_top_10/aether_cases/top-10__co.kr/A_UPDATE/traces', '--updates', '/home/rulan_yang/DNS-verification/experiments/results/incremental_property_no_wildcard_dname_top_10/aether_cases/top-10__co.kr/A_UPDATE/updates.csv', '--jobs', '/home/rulan_yang/DNS-verification/experiments/results/incremental_property_no_wildcard_dname_top_10/properties.txt', 'c', '/home/rulan_yang/DNS-verification/experiments/results/incremental_property_no_wildcard_dname_top_10/aether_cases/top-10__co.kr/A_UPDATE/input.csv'], 60.0)"
Aether,top-10,co.kr,top-10/co.kr,NS_UPDATE,error,,,,,,,hops|rewrites|lame_delegation|rewrite_blackholing|rewrite_loop|delegation_consistency,,,,,"TimeoutExpired(['/home/rulan_yang/DNS-verification/aether/dnsverify/target/release/dnsv', '--output', '/home/rulan_yang/DNS-verification/experiments/results/incremental_property_no_wildcard_dname_top_10/aether_cases/top-10__co.kr/NS_UPDATE/aether_raw.csv', '--trace', '/home/rulan_yang/DNS-verification/experiments/results/incremental_property_no_wildcard_dname_top_10/aether_cases/top-10__co.kr/NS_UPDATE/traces', '--updates', '/home/rulan_yang/DNS-verification/experiments/results/incremental_property_no_wildcard_dname_top_10/aether_cases/top-10__co.kr/NS_UPDATE/updates.csv', '--jobs', '/home/rulan_yang/DNS-verification/experiments/results/incremental_property_no_wildcard_dname_top_10/properties.txt', 'c', '/home/rulan_yang/DNS-verification/experiments/results/incremental_property_no_wildcard_dname_top_10/aether_cases/top-10__co.kr/NS_UPDATE/input.csv'], 60.0)"
Aether,top-10,co.kr,top-10/co.kr,CNAME_UPDATE,error,,,,,,,hops|rewrites|lame_delegation|rewrite_blackholing|rewrite_loop|delegation_consistency,,,,,"TimeoutExpired(['/home/rulan_yang/DNS-verification/aether/dnsverify/target/release/dnsv', '--output', '/home/rulan_yang/DNS-verification/experiments/results/incremental_property_no_wildcard_dname_top_10/aether_cases/top-10__co.kr/CNAME_UPDATE/aether_raw.csv', '--trace', '/home/rulan_yang/DNS-verification/experiments/results/incremental_property_no_wildcard_dname_top_10/aether_cases/top-10__co.kr/CNAME_UPDATE/traces', '--updates', '/home/rulan_yang/DNS-verification/experiments/results/incremental_property_no_wildcard_dname_top_10/aether_cases/top-10__co.kr/CNAME_UPDATE/updates.csv', '--jobs', '/home/rulan_yang/DNS-verification/experiments/results/incremental_property_no_wildcard_dname_top_10/properties.txt', 'c', '/home/rulan_yang/DNS-verification/experiments/results/incremental_property_no_wildcard_dname_top_10/aether_cases/top-10__co.kr/CNAME_UPDATE/input.csv'], 60.0)"
Aether,top-10,com.cn,top-10/com.cn,A_ADD,ok,,0-100.com.cn..txt,,39221.791999999994,0.621,,hops|rewrites|lame_delegation|rewrite_blackholing|rewrite_loop|delegation_consistency,true,true,,,num_lec=201195; stderr=/home/rulan_yang/DNS-verification/experiments/results/incremental_property_no_wildcard_dname_top_10/aether_cases/top-10__com.cn/A_ADD/stderr.log
Aether,top-10,com.cn,top-10/com.cn,A_UPDATE,ok,,0-100.com.cn..txt,,38894.882,0.007,,hops|rewrites|lame_delegation|rewrite_blackholing|rewrite_loop|delegation_consistency,true,true,,,num_lec=201194; stderr=/home/rulan_yang/DNS-verification/experiments/results/incremental_property_no_wildcard_dname_top_10/aether_cases/top-10__com.cn/A_UPDATE/stderr.log
Aether,top-10,com.cn,top-10/com.cn,NS_UPDATE,ok,,0-100.com.cn..txt,,39058.867,0.008,,hops|rewrites|lame_delegation|rewrite_blackholing|rewrite_loop|delegation_consistency,true,true,,,num_lec=201194; stderr=/home/rulan_yang/DNS-verification/experiments/results/incremental_property_no_wildcard_dname_top_10/aether_cases/top-10__com.cn/NS_UPDATE/stderr.log
Aether,top-10,com.cn,top-10/com.cn,CNAME_UPDATE,error,,,,,,,hops|rewrites|lame_delegation|rewrite_blackholing|rewrite_loop|delegation_consistency,,,,,exit=101; stderr=/home/rulan_yang/DNS-verification/experiments/results/incremental_property_no_wildcard_dname_top_10/aether_cases/top-10__com.cn/CNAME_UPDATE/stderr.log
Aether,top-10,com.mx,top-10/com.mx,A_ADD,ok,,01dcpromo.com.mx..txt,,41688.007,0.541,,hops|rewrites|lame_delegation|rewrite_blackholing|rewrite_loop|delegation_consistency,true,true,,,num_lec=209941; stderr=/home/rulan_yang/DNS-verification/experiments/results/incremental_property_no_wildcard_dname_top_10/aether_cases/top-10__com.mx/A_ADD/stderr.log
Aether,top-10,com.mx,top-10/com.mx,A_UPDATE,ok,,01dcpromo.com.mx..txt,,41746.202,0.008,,hops|rewrites|lame_delegation|rewrite_blackholing|rewrite_loop|delegation_consistency,true,true,,,num_lec=209940; stderr=/home/rulan_yang/DNS-verification/experiments/results/incremental_property_no_wildcard_dname_top_10/aether_cases/top-10__com.mx/A_UPDATE/stderr.log
Aether,top-10,com.mx,top-10/com.mx,NS_UPDATE,ok,,01dcpromo.com.mx..txt,,42358.428,0.008,,hops|rewrites|lame_delegation|rewrite_blackholing|rewrite_loop|delegation_consistency,true,true,,,num_lec=209940; stderr=/home/rulan_yang/DNS-verification/experiments/results/incremental_property_no_wildcard_dname_top_10/aether_cases/top-10__com.mx/NS_UPDATE/stderr.log
Aether,top-10,com.mx,top-10/com.mx,CNAME_UPDATE,ok,,01dcpromo.com.mx..txt,,41678.873999999996,0.133,,hops|rewrites|lame_delegation|rewrite_blackholing|rewrite_loop|delegation_consistency,true,true,,,num_lec=209940; stderr=/home/rulan_yang/DNS-verification/experiments/results/incremental_property_no_wildcard_dname_top_10/aether_cases/top-10__com.mx/CNAME_UPDATE/stderr.log
Aether,top-10,com.np,top-10/com.np,A_ADD,ok,,062civil.com.np..txt,,12846.458,2.6919999999999997,,hops|rewrites|lame_delegation|rewrite_blackholing|rewrite_loop|delegation_consistency,false,true,lame_delegation|rewrite_loop|rewrites,,num_lec=88900; stderr=/home/rulan_yang/DNS-verification/experiments/results/incremental_property_no_wildcard_dname_top_10/aether_cases/top-10__com.np/A_ADD/stderr.log
Aether,top-10,com.np,top-10/com.np,A_UPDATE,ok,,062civil.com.np..txt,,12497.052000000001,1.8459999999999999,,hops|rewrites|lame_delegation|rewrite_blackholing|rewrite_loop|delegation_consistency,false,true,lame_delegation|rewrite_loop|rewrites,,num_lec=88899; stderr=/home/rulan_yang/DNS-verification/experiments/results/incremental_property_no_wildcard_dname_top_10/aether_cases/top-10__com.np/A_UPDATE/stderr.log
Aether,top-10,com.np,top-10/com.np,NS_UPDATE,ok,,062civil.com.np..txt,,12832.788999999999,1.875,,hops|rewrites|lame_delegation|rewrite_blackholing|rewrite_loop|delegation_consistency,false,true,lame_delegation|rewrite_loop|rewrites,,num_lec=88899; stderr=/home/rulan_yang/DNS-verification/experiments/results/incremental_property_no_wildcard_dname_top_10/aether_cases/top-10__com.np/NS_UPDATE/stderr.log
Aether,top-10,com.np,top-10/com.np,CNAME_UPDATE,ok,,1130basan.com.np..txt,,14379.645999999999,1.628,,hops|rewrites|lame_delegation|rewrite_blackholing|rewrite_loop|delegation_consistency,false,true,lame_delegation|rewrite_loop|rewrites,,num_lec=88899; stderr=/home/rulan_yang/DNS-verification/experiments/results/incremental_property_no_wildcard_dname_top_10/aether_cases/top-10__com.np/CNAME_UPDATE/stderr.log
Aether,top-10,com.sg,top-10/com.sg,A_ADD,ok,,01computer.com.sg..txt,,10202.509999999998,0.436,,hops|rewrites|lame_delegation|rewrite_blackholing|rewrite_loop|delegation_consistency,true,true,,,num_lec=67871; stderr=/home/rulan_yang/DNS-verification/experiments/results/incremental_property_no_wildcard_dname_top_10/aether_cases/top-10__com.sg/A_ADD/stderr.log
Aether,top-10,com.sg,top-10/com.sg,A_UPDATE,ok,,01computer.com.sg..txt,,10359.125000000002,0.007,,hops|rewrites|lame_delegation|rewrite_blackholing|rewrite_loop|delegation_consistency,true,true,,,num_lec=67870; stderr=/home/rulan_yang/DNS-verification/experiments/results/incremental_property_no_wildcard_dname_top_10/aether_cases/top-10__com.sg/A_UPDATE/stderr.log
Aether,top-10,com.sg,top-10/com.sg,NS_UPDATE,ok,,01computer.com.sg..txt,,10272.104,0.008,,hops|rewrites|lame_delegation|rewrite_blackholing|rewrite_loop|delegation_consistency,true,true,,,num_lec=67870; stderr=/home/rulan_yang/DNS-verification/experiments/results/incremental_property_no_wildcard_dname_top_10/aether_cases/top-10__com.sg/NS_UPDATE/stderr.log
Aether,top-10,com.sg,top-10/com.sg,CNAME_UPDATE,ok,,100hours.com.sg..txt,,10373.131000000001,0.187,,hops|rewrites|lame_delegation|rewrite_blackholing|rewrite_loop|delegation_consistency,true,true,,,num_lec=67870; stderr=/home/rulan_yang/DNS-verification/experiments/results/incremental_property_no_wildcard_dname_top_10/aether_cases/top-10__com.sg/CNAME_UPDATE/stderr.log
Aether,top-10,com.tw,top-10/com.tw,A_ADD,ok,,000.com.tw..txt,,50250.72,0.619,,hops|rewrites|lame_delegation|rewrite_blackholing|rewrite_loop|delegation_consistency,true,true,,,num_lec=234210; stderr=/home/rulan_yang/DNS-verification/experiments/results/incremental_property_no_wildcard_dname_top_10/aether_cases/top-10__com.tw/A_ADD/stderr.log
Aether,top-10,com.tw,top-10/com.tw,A_UPDATE,ok,,000.com.tw..txt,,47082.70399999999,0.013999999999999999,,hops|rewrites|lame_delegation|rewrite_blackholing|rewrite_loop|delegation_consistency,true,true,,,num_lec=234209; stderr=/home/rulan_yang/DNS-verification/experiments/results/incremental_property_no_wildcard_dname_top_10/aether_cases/top-10__com.tw/A_UPDATE/stderr.log
Aether,top-10,com.tw,top-10/com.tw,NS_UPDATE,ok,,000.com.tw..txt,,46614.199,0.010000000000000002,,hops|rewrites|lame_delegation|rewrite_blackholing|rewrite_loop|delegation_consistency,true,true,,,num_lec=234209; stderr=/home/rulan_yang/DNS-verification/experiments/results/incremental_property_no_wildcard_dname_top_10/aether_cases/top-10__com.tw/NS_UPDATE/stderr.log
Aether,top-10,com.tw,top-10/com.tw,CNAME_UPDATE,ok,,001.com.tw..txt,,46754.84,0.222,,hops|rewrites|lame_delegation|rewrite_blackholing|rewrite_loop|delegation_consistency,true,true,,,num_lec=234209; stderr=/home/rulan_yang/DNS-verification/experiments/results/incremental_property_no_wildcard_dname_top_10/aether_cases/top-10__com.tw/CNAME_UPDATE/stderr.log
Aether,top-10,com.ua,top-10/com.ua,A_ADD,ok,,003.com.ua..txt,,31774.988,0.496,,hops|rewrites|lame_delegation|rewrite_blackholing|rewrite_loop|delegation_consistency,true,true,,,num_lec=187626; stderr=/home/rulan_yang/DNS-verification/experiments/results/incremental_property_no_wildcard_dname_top_10/aether_cases/top-10__com.ua/A_ADD/stderr.log
Aether,top-10,com.ua,top-10/com.ua,A_UPDATE,ok,,003.com.ua..txt,,31715.183,0.007,,hops|rewrites|lame_delegation|rewrite_blackholing|rewrite_loop|delegation_consistency,true,true,,,num_lec=187625; stderr=/home/rulan_yang/DNS-verification/experiments/results/incremental_property_no_wildcard_dname_top_10/aether_cases/top-10__com.ua/A_UPDATE/stderr.log
Aether,top-10,com.ua,top-10/com.ua,NS_UPDATE,ok,,003.com.ua..txt,,31994.15,0.007,,hops|rewrites|lame_delegation|rewrite_blackholing|rewrite_loop|delegation_consistency,true,true,,,num_lec=187625; stderr=/home/rulan_yang/DNS-verification/experiments/results/incremental_property_no_wildcard_dname_top_10/aether_cases/top-10__com.ua/NS_UPDATE/stderr.log
Aether,top-10,com.ua,top-10/com.ua,CNAME_UPDATE,error,,,,,,,hops|rewrites|lame_delegation|rewrite_blackholing|rewrite_loop|delegation_consistency,,,,,exit=101; stderr=/home/rulan_yang/DNS-verification/experiments/results/incremental_property_no_wildcard_dname_top_10/aether_cases/top-10__com.ua/CNAME_UPDATE/stderr.log
Aether,top-10,gov.cn,top-10/gov.cn,A_ADD,ok,,0375.gov.cn..txt,,11740.079,0.581,,hops|rewrites|lame_delegation|rewrite_blackholing|rewrite_loop|delegation_consistency,true,true,,,num_lec=65961; stderr=/home/rulan_yang/DNS-verification/experiments/results/incremental_property_no_wildcard_dname_top_10/aether_cases/top-10__gov.cn/A_ADD/stderr.log
Aether,top-10,gov.cn,top-10/gov.cn,A_UPDATE,ok,,0375.gov.cn..txt,,10269.758,0.014,,hops|rewrites|lame_delegation|rewrite_blackholing|rewrite_loop|delegation_consistency,true,true,,,num_lec=65960; stderr=/home/rulan_yang/DNS-verification/experiments/results/incremental_property_no_wildcard_dname_top_10/aether_cases/top-10__gov.cn/A_UPDATE/stderr.log
Aether,top-10,gov.cn,top-10/gov.cn,NS_UPDATE,ok,,0375.gov.cn..txt,,10194.669,0.007,,hops|rewrites|lame_delegation|rewrite_blackholing|rewrite_loop|delegation_consistency,true,true,,,num_lec=65960; stderr=/home/rulan_yang/DNS-verification/experiments/results/incremental_property_no_wildcard_dname_top_10/aether_cases/top-10__gov.cn/NS_UPDATE/stderr.log
Aether,top-10,gov.cn,top-10/gov.cn,CNAME_UPDATE,error,,,,,,,hops|rewrites|lame_delegation|rewrite_blackholing|rewrite_loop|delegation_consistency,,,,,exit=101; stderr=/home/rulan_yang/DNS-verification/experiments/results/incremental_property_no_wildcard_dname_top_10/aether_cases/top-10__gov.cn/CNAME_UPDATE/stderr.log
Aether,top-10,net.au,top-10/net.au,A_ADD,ok,,1001.net.au..txt,,15060.799,0.453,,hops|rewrites|lame_delegation|rewrite_blackholing|rewrite_loop|delegation_consistency,true,true,,,num_lec=92740; stderr=/home/rulan_yang/DNS-verification/experiments/results/incremental_property_no_wildcard_dname_top_10/aether_cases/top-10__net.au/A_ADD/stderr.log
Aether,top-10,net.au,top-10/net.au,A_UPDATE,ok,,1001.net.au..txt,,15267.587,0.008,,hops|rewrites|lame_delegation|rewrite_blackholing|rewrite_loop|delegation_consistency,true,true,,,num_lec=92739; stderr=/home/rulan_yang/DNS-verification/experiments/results/incremental_property_no_wildcard_dname_top_10/aether_cases/top-10__net.au/A_UPDATE/stderr.log
Aether,top-10,net.au,top-10/net.au,NS_UPDATE,ok,,1001.net.au..txt,,15032.477,0.007,,hops|rewrites|lame_delegation|rewrite_blackholing|rewrite_loop|delegation_consistency,true,true,,,num_lec=92739; stderr=/home/rulan_yang/DNS-verification/experiments/results/incremental_property_no_wildcard_dname_top_10/aether_cases/top-10__net.au/NS_UPDATE/stderr.log
Aether,top-10,net.au,top-10/net.au,CNAME_UPDATE,ok,,108.net.au..txt,,15060.31,0.144,,hops|rewrites|lame_delegation|rewrite_blackholing|rewrite_loop|delegation_consistency,true,true,,,num_lec=92739; stderr=/home/rulan_yang/DNS-verification/experiments/results/incremental_property_no_wildcard_dname_top_10/aether_cases/top-10__net.au/CNAME_UPDATE/stderr.log
Aether,top-10,org.br,top-10/org.br,A_ADD,ok,,123s.org.br..txt,,12400.067000000001,0.387,,hops|rewrites|lame_delegation|rewrite_blackholing|rewrite_loop|delegation_consistency,true,true,,,num_lec=77607; stderr=/home/rulan_yang/DNS-verification/experiments/results/incremental_property_no_wildcard_dname_top_10/aether_cases/top-10__org.br/A_ADD/stderr.log
Aether,top-10,org.br,top-10/org.br,A_UPDATE,ok,,15gemarj.org.br..txt,,12527.074999999999,0.008,,hops|rewrites|lame_delegation|rewrite_blackholing|rewrite_loop|delegation_consistency,true,true,,,num_lec=77606; stderr=/home/rulan_yang/DNS-verification/experiments/results/incremental_property_no_wildcard_dname_top_10/aether_cases/top-10__org.br/A_UPDATE/stderr.log
Aether,top-10,org.br,top-10/org.br,NS_UPDATE,ok,,123s.org.br..txt,,12346.697999999999,0.007,,hops|rewrites|lame_delegation|rewrite_blackholing|rewrite_loop|delegation_consistency,true,true,,,num_lec=77606; stderr=/home/rulan_yang/DNS-verification/experiments/results/incremental_property_no_wildcard_dname_top_10/aether_cases/top-10__org.br/NS_UPDATE/stderr.log
Aether,top-10,org.br,top-10/org.br,CNAME_UPDATE,ok,,123s.org.br..txt,,12366.782000000001,0.089,,hops|rewrites|lame_delegation|rewrite_blackholing|rewrite_loop|delegation_consistency,true,true,,,num_lec=77606; stderr=/home/rulan_yang/DNS-verification/experiments/results/incremental_property_no_wildcard_dname_top_10/aether_cases/top-10__org.br/CNAME_UPDATE/stderr.log
